Year,Month,Day,Hour,Minute,Temperature,RelativeHumidity,Precipitation,Sunlight,Wind
2017,1,1,0,0,37.98,66,0,0,2.86
2017,1,1,1,0,38.1,63,0,0,3.67
2017,1,1,2,0,38.08,60,0,0,3.72
2017,1,1,3,0,38.1,58,0,0,3.98
2017,1,1,4,0,38.21,54,0,0,3.5
2017,1,1,5,0,37.36,56,0,0,4.03
2017,1,1,6,0,36.48,59,0,0,4.2
2017,1,1,7,0,36.05,59,0,0,4.89
2017,1,1,8,0,35.4,60,0,0,5.16
2017,1,1,9,0,34.97,62,0,44.05,5.5
2017,1,1,10,0,35.15,63,0,60,5.72
2017,1,1,11,0,35.82,71,0,60,5.41
2017,1,1,12,0,37.81,75,0,60,4.41
2017,1,1,13,0,39.72,75,0,60,3.5
2017,1,1,14,0,40.26,63,0,60,2.46
2017,1,1,15,0,41.74,64,0,60,0.81
2017,1,1,16,0,42.1,65,0,60,0.63
2017,1,1,17,0,41.56,63,0,60,0.22
2017,1,1,18,0,40.96,60,0,50.39,2.24
2017,1,1,19,0,40.78,56,0,0,3.3
2017,1,1,20,0,39.67,55,0,0,3.91
2017,1,1,21,0,38.25,60,0,0,4.34
2017,1,1,22,0,37.76,66,0,0,3.96
2017,1,1,23,0,37.44,71,0,0,3.81
2017,1,2,0,0,37.22,71,0,0,3.49
2017,1,2,1,0,36.82,72,0,0,3.01
2017,1,2,2,0,36.37,72,0,0,2.42
2017,1,2,3,0,36.21,70,0,0,1.91
2017,1,2,4,0,35.85,70,0,0,1.61
2017,1,2,5,0,35.58,71,0,0,2.94
2017,1,2,6,0,35.73,79,0,0,4.75
2017,1,2,7,0,36.34,85,0,0,3.8
2017,1,2,8,0,36.09,89,0,0,3.7
2017,1,2,9,0,36.01,88,0,0,4.34
2017,1,2,10,0,35.96,89,0,0,4.5
2017,1,2,11,0,37.47,85,0,0,6.28
2017,1,2,12,0,39.06,79,0,0,10.31
2017,1,2,13,0,40.12,75,0,0,12.53
2017,1,2,14,0,39.74,68,0,0,10.53
2017,1,2,15,0,39.96,70,0,0,11.04
2017,1,2,16,0,38.79,76,0.1,0,11.74
2017,1,2,17,0,35.17,91,0.8,0,10.82
2017,1,2,18,0,33.01,94,0.8,0,11.86
2017,1,2,19,0,32.63,95,0.5,0,9.56
2017,1,2,20,0,32.72,94,0,0,9.52
2017,1,2,21,0,31.78,95,0,0,9.94
2017,1,2,22,0,30.51,95,0,0,6.73
2017,1,2,23,0,30.54,93,0,0,2.5
2017,1,3,0,0,30.94,94,0,0,3.2
2017,1,3,1,0,31.03,92,0,0,2.73
2017,1,3,2,0,31.59,89,0,0,0.92
2017,1,3,3,0,31.91,87,0,0,0.92
2017,1,3,4,0,31.55,86,0,0,1.36
2017,1,3,5,0,31.19,85,0,0,1.92
2017,1,3,6,0,30.6,93,0,0,1.63
2017,1,3,7,0,29.35,92,0,0,1.79
2017,1,3,8,0,27.61,92,0,0,2.55
2017,1,3,9,0,27.41,90,0,14.1,2.61
2017,1,3,10,0,28.04,85,0,24.26,2.5
2017,1,3,11,0,30.88,78,0,56.81,2.47
2017,1,3,12,0,34.93,70,0,60,1.36
2017,1,3,13,0,37.33,67,0,60,0.63
2017,1,3,14,0,34.34,74,0,60,1.12
2017,1,3,15,0,35.22,71,0,60,1.75
2017,1,3,16,0,36.07,69,0,60,2.12
2017,1,3,17,0,35.96,70,0,60,1.84
2017,1,3,18,0,35.62,68,0,52.34,2.3
2017,1,3,19,0,35.78,65,0,0,3.18
2017,1,3,20,0,33.73,68,0,0,4.91
2017,1,3,21,0,32.05,76,0,0,7.39
2017,1,3,22,0,31.82,83,0,0,7.21
2017,1,3,23,0,31.64,85,0,0,6.91
2017,1,4,0,0,31.78,85,0,0,7.23
2017,1,4,1,0,31.95,86,0,0,7.65
2017,1,4,2,0,32.29,87,0,0,8.57
2017,1,4,3,0,32.85,85,0,0,9.05
2017,1,4,4,0,33.89,82,0,0,10.74
2017,1,4,5,0,34.27,77,0,0,11.34
2017,1,4,6,0,34.84,70,0,0,12.46
2017,1,4,7,0,35.1,68,0,0,13.46
2017,1,4,8,0,35.08,70,0,0,15.63
2017,1,4,9,0,35.11,73,0,0,16.77
2017,1,4,10,0,35.56,73,0,0,18.13
2017,1,4,11,0,36.99,73,0,0,20.94
2017,1,4,12,0,37.92,74,0.1,0,21.67
2017,1,4,13,0,37.47,78,0,0,21.5
2017,1,4,14,0,36.48,79,0.1,0,20.4
2017,1,4,15,0,36.46,81,0.2,0,21.71
2017,1,4,16,0,36.88,79,0.1,0,24.83
2017,1,4,17,0,36.05,80,0.1,0,25.07
2017,1,4,18,0,34.99,82,0.1,0,24.38
2017,1,4,19,0,34.32,87,0,0,25.52
2017,1,4,20,0,34.57,87,0.3,0,25.52
2017,1,4,21,0,35.46,88,0.6,0,22.04
2017,1,4,22,0,36.43,89,0.2,0,18.68
2017,1,4,23,0,36.34,85,0,0,15.25
2017,1,5,0,0,34.5,85,0,0,13.44
2017,1,5,1,0,34.9,82,0,0,13.46
2017,1,5,2,0,34.52,82,0,0,16.13
2017,1,5,3,0,34.52,81,0.1,0,15.08
2017,1,5,4,0,34.9,75,0.1,0,14.44
2017,1,5,5,0,33.69,80,0,0,10.55
2017,1,5,6,0,31.62,83,0,0,7.97
2017,1,5,7,0,30.43,86,0,0,5.96
2017,1,5,8,0,30.29,83,0,0,6.02
2017,1,5,9,0,30.34,78,0,0,7.73
2017,1,5,10,0,30.9,78,0,8.94,7.97
2017,1,5,11,0,31.21,80,0,38.94,7.64
2017,1,5,12,0,32.25,74,0,52.98,7.61
2017,1,5,13,0,32.86,68,0,28.09,7.2
2017,1,5,14,0,32.95,83,0.3,0,14.75
2017,1,5,15,0,34.29,67,0,28.72,15.98
2017,1,5,16,0,33.13,75,0,47.87,16.51
2017,1,5,17,0,32.9,68,0,53.62,10.3
2017,1,5,18,0,32.52,74,0,29.52,7.02
2017,1,5,19,0,30.38,80,0,0,8.94
2017,1,5,20,0,26.44,73,0,0,8.61
2017,1,5,21,0,24.01,74,0,0,7.4
2017,1,5,22,0,26.13,80,0,0,3.91
2017,1,5,23,0,27.39,79,0,0,2
2017,1,6,0,0,27.41,81,0,0,1.63
2017,1,6,1,0,27.21,82,0,0,2.94
2017,1,6,2,0,26.29,79,0,0,2.8
2017,1,6,3,0,26.76,80,0,0,3.96
2017,1,6,4,0,27.59,80,0,0,4.39
2017,1,6,5,0,28.78,70,0,0,4.7
2017,1,6,6,0,27.34,76,0,0,5.16
2017,1,6,7,0,24.87,74,0,0,6.99
2017,1,6,8,0,24.04,72,0,0,6.85
2017,1,6,9,0,23.16,69,0,34.21,5.77
2017,1,6,10,0,23.29,64,0,60,4.79
2017,1,6,11,0,25.27,67,0,60,7.23
2017,1,6,12,0,26.82,66,0,60,9.3
2017,1,6,13,0,28.38,54,0,60,11.46
2017,1,6,14,0,28.8,52,0,60,13.04
2017,1,6,15,0,29.14,48,0,60,11.18
2017,1,6,16,0,29.14,48,0,60,10.52
2017,1,6,17,0,28.71,50,0,60,10.3
2017,1,6,18,0,27.77,54,0,55.49,8.97
2017,1,6,19,0,26.33,63,0,0,9.69
2017,1,6,20,0,24.19,65,0,0,7.73
2017,1,6,21,0,24.6,66,0,0,7.15
2017,1,6,22,0,23.81,69,0,0,7.85
2017,1,6,23,0,23.07,68,0,0,8.93
2017,1,7,0,0,22.51,68,0,0,11.11
2017,1,7,1,0,22.37,68,0,0,12.03
2017,1,7,2,0,22.21,67,0,0,11.74
2017,1,7,3,0,22.01,66,0,0,12.1
2017,1,7,4,0,21.87,65,0,0,11.52
2017,1,7,5,0,21.65,66,0,0,10.71
2017,1,7,6,0,21.09,66,0,0,10.92
2017,1,7,7,0,20.7,65,0,0,11.11
2017,1,7,8,0,20.93,62,0,0,11.09
2017,1,7,9,0,21.49,60,0,0,11.55
2017,1,7,10,0,22.41,55,0,40.21,11.05
2017,1,7,11,0,25.14,47,0,14.04,10.36
2017,1,7,12,0,27.63,43,0,20.43,8.77
2017,1,7,13,0,30.31,42,0,10.21,6.02
2017,1,7,14,0,31.03,55,0,0,3.11
2017,1,7,15,0,32.09,50,0,0,0.89
2017,1,7,16,0,32.7,47,0,0,2.12
2017,1,7,17,0,33.17,48,0,0,2.83
2017,1,7,18,0,33.13,45,0,0,1.58
2017,1,7,19,0,33.35,42,0,0,2.25
2017,1,7,20,0,32.67,53,0,0,5.37
2017,1,7,21,0,32.16,58,0,0,7.61
2017,1,7,22,0,31.03,65,0,0,9.88
2017,1,7,23,0,29.71,81,0,0,12.09
2017,1,8,0,0,29.3,83,0,0,14.33
2017,1,8,1,0,29.52,85,0.1,0,15.89
2017,1,8,2,0,29.53,85,0.2,0,17.47
2017,1,8,3,0,29.66,84,0.2,0,18.35
2017,1,8,4,0,29.73,84,0.1,0,19.46
2017,1,8,5,0,30.2,83,0.1,0,19.91
2017,1,8,6,0,30.54,80,0.1,0,21.03
2017,1,8,7,0,30.69,82,0.1,0,20.58
2017,1,8,8,0,30.72,82,0.1,0,20.18
2017,1,8,9,0,30.58,84,0.1,0,20.18
2017,1,8,10,0,30.88,83,0.1,0,20.85
2017,1,8,11,0,31.57,80,0,0,20.81
2017,1,8,12,0,33.66,74,0,0,19.71
2017,1,8,13,0,34.32,76,0,0,19.01
2017,1,8,14,0,34.56,67,0,37.02,8.85
2017,1,8,15,0,36.16,66,0,11.49,9
2017,1,8,16,0,37.11,67,0,16.6,9.13
2017,1,8,17,0,37.15,69,0,4.47,9.18
2017,1,8,18,0,36.59,73,0,0,8.23
2017,1,8,19,0,35.89,77,0,0,7.44
2017,1,8,20,0,34.97,82,0,0,7.94
2017,1,8,21,0,33.94,85,0,0,8.32
2017,1,8,22,0,32.31,89,0,0,7.64
2017,1,8,23,0,31.84,88,0,0,6.06
2017,1,9,0,0,31.91,89,0,0,5.19
2017,1,9,1,0,31.82,90,0,0,3.83
2017,1,9,2,0,31.95,89,0,0,2.91
2017,1,9,3,0,32.54,88,0,0,1.36
2017,1,9,4,0,31.8,90,0,0,1.2
2017,1,9,5,0,30.7,90,0,0,2.91
2017,1,9,6,0,30.15,87,0,0,3.16
2017,1,9,7,0,29.68,88,0,0,3.49
2017,1,9,8,0,29.16,91,0,0,4.41
2017,1,9,9,0,28.89,90,0,0,4.53
2017,1,9,10,0,29.3,87,0,38.94,3.11
2017,1,9,11,0,31.51,79,0,51.7,2.61
2017,1,9,12,0,34.59,70,0,58.72,1.63
2017,1,9,13,0,36.66,66,0,60,1.12
2017,1,9,14,0,34.39,75,0,60,0.81
2017,1,9,15,0,35.55,73,0,60,2.01
2017,1,9,16,0,36.48,71,0,60,2.77
2017,1,9,17,0,36.68,72,0,58.09,3.12
2017,1,9,18,0,35.83,71,0,56.09,3.64
2017,1,9,19,0,33.71,75,0,0,4.5
2017,1,9,20,0,30.76,85,0,0,6.64
2017,1,9,21,0,29.88,84,0,0,6.11
2017,1,9,22,0,30.2,81,0,0,4.61
2017,1,9,23,0,30.07,79,0,0,4.78
2017,1,10,0,0,30.51,74,0,0,4.3
2017,1,10,1,0,31.64,72,0,0,4.47
2017,1,10,2,0,32.99,75,0,0,4.61
2017,1,10,3,0,33.75,76,0,0,5.11
2017,1,10,4,0,34.43,72,0,0,5
2017,1,10,5,0,34.75,76,0.1,0,5.52
2017,1,10,6,0,35.02,83,0.4,0,7.52
2017,1,10,7,0,35.37,84,0.3,0,6.24
2017,1,10,8,0,35.29,82,0.6,0,7.93
2017,1,10,9,0,35.53,83,0.6,0,7.07
2017,1,10,10,0,35.67,86,0.8,0,6.17
2017,1,10,11,0,37.74,89,0.8,0,7.17
2017,1,10,12,0,36.18,89,0.8,0,13.35
2017,1,10,13,0,35.55,91,0.9,0,13.89
2017,1,10,14,0,35.2,91,0.9,0,12.56
2017,1,10,15,0,36.18,87,1,0,17.98
2017,1,10,16,0,36.66,87,0.8,0,13.41
2017,1,10,17,0,37.53,87,0.4,0,8.19
2017,1,10,18,0,37.18,92,0.1,0,5.96
2017,1,10,19,0,37.15,95,0.1,0,7.71
2017,1,10,20,0,35.06,99,0,0,10.36
2017,1,10,21,0,32.92,96,0,0,10.13
2017,1,10,22,0,32.32,98,0,0,8.74
2017,1,10,23,0,32.61,99,0,0,6.3
2017,1,11,0,0,33.62,100,0,0,5.83
2017,1,11,1,0,34.92,99,0,0,6.11
2017,1,11,2,0,35.04,98,0,0,8.08
2017,1,11,3,0,33.89,97,0,0,8.69
2017,1,11,4,0,32.56,100,0,0,6.67
2017,1,11,5,0,33.04,99,0,0,4.91
2017,1,11,6,0,33.37,97,0,0,4.8
2017,1,11,7,0,33.33,94,0,0,5.56
2017,1,11,8,0,32.02,91,0,0,7.28
2017,1,11,9,0,29.66,82,0,46.33,9.65
2017,1,11,10,0,30.76,84,0,60,8.95
2017,1,11,11,0,36.97,81,0,0,10.76
2017,1,11,12,0,39.65,76,0,60,19.53
2017,1,11,13,0,41.34,72,0,0,23.51
2017,1,11,14,0,41.54,65,0,0,16.08
2017,1,11,15,0,43.3,62,0,0,18.33
2017,1,11,16,0,43.03,65,0,0,20.84
2017,1,11,17,0,43.63,67,0,0,20.01
2017,1,11,18,0,43.54,73,0,0,19.91
2017,1,11,19,0,43.11,78,0.1,0,24.51
2017,1,11,20,0,42.33,81,0.1,0,25.38
2017,1,11,21,0,42.08,83,0.1,0,23.8
2017,1,11,22,0,41.99,85,0,0,22.28
2017,1,11,23,0,41.72,87,0,0,19.57
2017,1,12,0,0,40.51,90,0,0,17.5
2017,1,12,1,0,39.56,90,0,0,14.77
2017,1,12,2,0,39.38,91,0,0,13.45
2017,1,12,3,0,39.4,90,0.1,0,12.56
2017,1,12,4,0,39.25,90,0,0,10.52
2017,1,12,5,0,39.9,88,0,0,13.89
2017,1,12,6,0,39.42,84,0,0,14.09
2017,1,12,7,0,39.33,83,0,0,14.22
2017,1,12,8,0,39.6,84,0,0,13.35
2017,1,12,9,0,39.97,82,0,0,13.51
2017,1,12,10,0,41.07,79,0,0,14.32
2017,1,12,11,0,42.22,77,0,0,15.74
2017,1,12,12,0,43.3,74,0,0,16.41
2017,1,12,13,0,45.63,69,0,0,17.95
2017,1,12,14,0,47.57,70,0,0,14.12
2017,1,12,15,0,48.67,66,0,0,12.73
2017,1,12,16,0,49.44,61,0,0,10.55
2017,1,12,17,0,49.28,64,0,0,6.73
2017,1,12,18,0,47.57,68,0,0,9.85
2017,1,12,19,0,46.47,66,0,0,3.83
2017,1,12,20,0,45.39,72,0.3,0,7.5
2017,1,12,21,0,45.9,69,0.4,0,13.73
2017,1,12,22,0,44.94,69,0.2,0,20.41
2017,1,12,23,0,45.32,69,0.3,0,24.53
2017,1,13,0,0,46.53,68,0.2,0,28.95
2017,1,13,1,0,47.28,70,0,0,28.9
2017,1,13,2,0,46.58,69,0,0,32.34
2017,1,13,3,0,41.31,71,0,0,30.56
2017,1,13,4,0,38.57,73,0,0,30.47
2017,1,13,5,0,37.87,80,0,0,27.62
2017,1,13,6,0,35.94,86,0,0,35.27
2017,1,13,7,0,34.72,86,0,0,34
2017,1,13,8,0,33.71,86,0,0,36.91
2017,1,13,9,0,33.15,86,0,46.85,34.23
2017,1,13,10,0,33.28,84,0,47.87,29.85
2017,1,13,11,0,34.29,77,0.1,0,28.22
2017,1,13,12,0,35.2,72,0,0,27.53
2017,1,13,13,0,36.32,67,0,37.66,24.53
2017,1,13,14,0,36.14,67,0.3,0,18.36
2017,1,13,15,0,36.12,69,0.5,0,20.05
2017,1,13,16,0,36.36,67,0.3,0,19.42
2017,1,13,17,0,35.78,66,0,53.62,17.96
2017,1,13,18,0,34.56,69,0,1.58,14.65
2017,1,13,19,0,33.42,72,0,0,13.45
2017,1,13,20,0,34.52,69,0,0,14.87
2017,1,13,21,0,32.65,89,0,0,23.51
2017,1,13,22,0,33.39,83,0.2,0,32.97
2017,1,13,23,0,33.3,88,0.1,0,36.27
2017,1,14,0,0,34.9,87,0.4,0,27.32
2017,1,14,1,0,35.56,80,0.3,0,28.42
2017,1,14,2,0,35.4,80,0,0,28.31
2017,1,14,3,0,34.63,80,0,0,27.61
2017,1,14,4,0,32.97,81,0,0,27.6
2017,1,14,5,0,31.77,86,0,0,27.53
2017,1,14,6,0,30.87,83,0,0,31.84
2017,1,14,7,0,29.79,85,0,0,33.61
2017,1,14,8,0,29.46,84,0,0,35.82
2017,1,14,9,0,29.84,84,0.2,0,34.68
2017,1,14,10,0,30.25,83,1.3,0,33.72
2017,1,14,11,0,31.15,81,0.5,0,32.02
2017,1,14,12,0,32.14,79,0.1,0,30.89
2017,1,14,13,0,34.36,73,0,0,30.33
2017,1,14,14,0,34.32,82,0.2,0,20.03
2017,1,14,15,0,33.03,94,0.2,0,17.01
2017,1,14,16,0,34.18,89,0.2,0,19.1
2017,1,14,17,0,35.15,80,0.1,26.17,20.89
2017,1,14,18,0,33.76,81,0,2.34,19.31
2017,1,14,19,0,32.97,85,0,0,18.12
2017,1,14,20,0,32.79,85,0,0,16.04
2017,1,14,21,0,32,87,0,0,25.4
2017,1,14,22,0,31.77,83,2.1,0,12.61
2017,1,14,23,0,32.05,92,1.8,0,15.24
2017,1,15,0,0,32.18,93,0.5,0,21.25
2017,1,15,1,0,31.69,87,0.5,0,15.54
2017,1,15,2,0,31.1,86,0.1,0,11.08
2017,1,15,3,0,31.78,81,0,0,12.75
2017,1,15,4,0,30.99,85,0,0,11.41
2017,1,15,5,0,30.58,86,0,0,14.01
2017,1,15,6,0,29.19,91,0,0,15.01
2017,1,15,7,0,29.21,93,0.2,0,15.44
2017,1,15,8,0,29.53,95,0.3,0,12.53
2017,1,15,9,0,29.7,95,0.6,0,14.83
2017,1,15,10,0,28.94,95,0.9,0,18.24
2017,1,15,11,0,30.43,91,0.8,0,13.73
2017,1,15,12,0,31.55,89,0.3,0,10.61
2017,1,15,13,0,32.63,77,0,24.26,12.11
2017,1,15,14,0,35.2,69,0.1,0,12.71
2017,1,15,15,0,35.74,65,0.1,0,10.31
2017,1,15,16,0,35.71,66,0,14.04,9.34
2017,1,15,17,0,35.08,68,0,43.4,8.74
2017,1,15,18,0,34.34,73,0,4.47,8.91
2017,1,15,19,0,32.05,87,0,0,7.16
2017,1,15,20,0,31.51,91,0,0,4.94
2017,1,15,21,0,31.21,92,0,0,2.34
2017,1,15,22,0,30.79,92,0,0,2
2017,1,15,23,0,30.43,91,0,0,5.7
2017,1,16,0,0,29.66,86,0,0,6.76
2017,1,16,1,0,29.77,88,0,0,7.41
2017,1,16,2,0,29.66,89,0,0,7.61
2017,1,16,3,0,29.25,89,0,0,7.38
2017,1,16,4,0,28.53,88,0,0,6.23
2017,1,16,5,0,28.56,89,0,0,4.7
2017,1,16,6,0,28.08,90,0,0,3.64
2017,1,16,7,0,27.32,90,0,0,2.5
2017,1,16,8,0,27.25,89,0,0,1.63
2017,1,16,9,0,27.34,88,0,23.03,1.12
2017,1,16,10,0,28.81,84,0,22.34,1.2
2017,1,16,11,0,32.4,72,0,19.15,1.41
2017,1,16,12,0,35.49,65,0,24.26,0.81
2017,1,16,13,0,35.19,62,0.1,9.57,2.01
2017,1,16,14,0,33.48,60,0,0,6.95
2017,1,16,15,0,33.76,63,0,0,10.34
2017,1,16,16,0,33.04,70,0,39.57,13.96
2017,1,16,17,0,32.77,70,0,52.34,14.61
2017,1,16,18,0,30.11,81,0,7.93,9.77
2017,1,16,19,0,28.38,84,0,0,7.52
2017,1,16,20,0,27.32,80,0,0,7.77
2017,1,16,21,0,25,72,0,0,6.52
2017,1,16,22,0,24.58,74,0,0,4.7
2017,1,16,23,0,25.77,75,0,0,2.91
2017,1,17,0,0,28,74,0,0,2.28
2017,1,17,1,0,27.5,73,0,0,5.19
2017,1,17,2,0,27.27,72,0,0,7.31
2017,1,17,3,0,25.32,76,0,0,7.07
2017,1,17,4,0,24.89,78,0,0,6.32
2017,1,17,5,0,24.67,72,0,0,6.99
2017,1,17,6,0,24.78,68,0,0,7.16
2017,1,17,7,0,24.48,68,0,0,6.67
2017,1,17,8,0,24.08,70,0,0,5.61
2017,1,17,9,0,23.52,75,0,49.9,5.03
2017,1,17,10,0,24.12,75,0,60,4.72
2017,1,17,11,0,27.27,67,0,60,10.36
2017,1,17,12,0,30.15,58,0,60,18.24
2017,1,17,13,0,31.41,54,0,60,21.22
2017,1,17,14,0,32.41,61,0,53.62,17.04
2017,1,17,15,0,32.63,58,0,60,18.33
2017,1,17,16,0,32.36,57,0,53.62,18.51
2017,1,17,17,0,31.64,59,0,60,17.95
2017,1,17,18,0,30.13,62,0,9.3,16.38
2017,1,17,19,0,28.98,65,0,0,15.77
2017,1,17,20,0,28.67,66,0,0,17.62
2017,1,17,21,0,28.44,66,0,0,18.81
2017,1,17,22,0,28.26,66,0,0,20.12
2017,1,17,23,0,28.06,68,0,0,19.86
2017,1,18,0,0,28.2,69,0,0,19.38
2017,1,18,1,0,28.45,67,0,0,18.9
2017,1,18,2,0,28.15,68,0,0,19
2017,1,18,3,0,27.99,68,0,0,18.43
2017,1,18,4,0,27.54,68,0,0,17.33
2017,1,18,5,0,27.23,68,0,0,15.8
2017,1,18,6,0,26.98,68,0,0,14.44
2017,1,18,7,0,26.65,69,0,0,13.44
2017,1,18,8,0,26.31,69,0,0,13.44
2017,1,18,9,0,25.77,70,0,50.64,13.17
2017,1,18,10,0,26.28,69,0,60,13.88
2017,1,18,11,0,27.88,67,0,60,14.93
2017,1,18,12,0,29.61,64,0,60,17.21
2017,1,18,13,0,30.9,60,0,60,18.72
2017,1,18,14,0,32.43,60,0,60,16.94
2017,1,18,15,0,32.92,59,0,60,17.33
2017,1,18,16,0,32.68,60,0,60,16.59
2017,1,18,17,0,31.89,61,0,60,14.76
2017,1,18,18,0,30,63,0,10.69,12.11
2017,1,18,19,0,28.51,66,0,0,10.54
2017,1,18,20,0,27.64,69,0,0,10.33
2017,1,18,21,0,27.27,69,0,0,9.14
2017,1,18,22,0,27.05,70,0,0,8.72
2017,1,18,23,0,27.01,71,0,0,8
2017,1,19,0,0,26.91,72,0,0,7.21
2017,1,19,1,0,26.82,72,0,0,6.91
2017,1,19,2,0,26.71,72,0,0,6.27
2017,1,19,3,0,26.62,73,0,0,5.22
2017,1,19,4,0,26.31,74,0,0,4.47
2017,1,19,5,0,25.56,78,0,0,4.03
2017,1,19,6,0,24.75,82,0,0,3.96
2017,1,19,7,0,24.03,86,0,0,3.5
2017,1,19,8,0,23.95,84,0,0,3.64
2017,1,19,9,0,24.01,78,0,50.87,3.48
2017,1,19,10,0,24.58,76,0,59.36,3.33
2017,1,19,11,0,26.33,72,0,58.72,5.1
2017,1,19,12,0,29.14,68,0,60,7.77
2017,1,19,13,0,31.64,66,0,60,8.42
2017,1,19,14,0,32.29,65,0,58.09,4.5
2017,1,19,15,0,33.58,64,0,60,4.03
2017,1,19,16,0,34.47,65,0,60,3.61
2017,1,19,17,0,34.23,69,0,60,2.91
2017,1,19,18,0,33.66,67,0,12.1,3.18
2017,1,19,19,0,32.95,67,0,0,5.65
2017,1,19,20,0,28.26,76,0,0,5.24
2017,1,19,21,0,27.64,82,0,0,4.08
2017,1,19,22,0,28.53,78,0,0,3.83
2017,1,19,23,0,28.4,77,0,0,2.94
2017,1,20,0,0,27.72,79,0,0,1.8
2017,1,20,1,0,27.09,81,0,0,0.5
2017,1,20,2,0,26.22,83,0,0,0.67
2017,1,20,3,0,25.38,87,0,0,0.63
2017,1,20,4,0,25.12,88,0,0,0.67
2017,1,20,5,0,25.18,87,0,0,1.3
2017,1,20,6,0,25.23,83,0,0,2.28
2017,1,20,7,0,25.16,80,0,0,3.13
2017,1,20,8,0,24.93,80,0,0,3.83
2017,1,20,9,0,24.82,82,0,50.56,4.41
2017,1,20,10,0,25.52,81,0,58.09,5.61
2017,1,20,11,0,27.48,79,0,58.72,10.11
2017,1,20,12,0,29.19,78,0,60,11.93
2017,1,20,13,0,31.35,76,0,60,11.55
2017,1,20,14,0,32.36,73,0,60,10.14
2017,1,20,15,0,33.76,69,0,60,8.85
2017,1,20,16,0,34.5,69,0,60,6.79
2017,1,20,17,0,34.34,73,0,60,4.03
2017,1,20,18,0,33.73,71,0,13.53,4.12
2017,1,20,19,0,29.14,80,0,0,3.83
2017,1,20,20,0,27.18,87,0,0,0.45
2017,1,20,21,0,27.39,88,0,0,1.61
2017,1,20,22,0,27.68,87,0,0,3.04
2017,1,20,23,0,27.43,87,0,0,3.8
2017,1,21,0,0,26.94,86,0,0,5
2017,1,21,1,0,26.92,82,0,0,6.41
2017,1,21,2,0,27.34,80,0,0,6.91
2017,1,21,3,0,27.14,79,0,0,7.21
2017,1,21,4,0,27.37,77,0,0,7.8
2017,1,21,5,0,27.52,75,0,0,8
2017,1,21,6,0,27.21,76,0,0,7
2017,1,21,7,0,26.55,80,0,0,6.73
2017,1,21,8,0,25.77,85,0,0,6.52
2017,1,21,9,0,25.02,87,0,53.09,6.52
2017,1,21,10,0,25.92,85,0,60,7.5
2017,1,21,11,0,29.05,77,0,60,8
2017,1,21,12,0,31.91,81,0,60,7.8
2017,1,21,13,0,35.01,77,0,60,7.7
2017,1,21,14,0,34.97,74,0,60,10.7
2017,1,21,15,0,35.91,71,0,60,10
2017,1,21,16,0,36.37,73,0,60,8.91
2017,1,21,17,0,35.83,79,0,60,5.94
2017,1,21,18,0,35.35,80,0,14.98,4.48
2017,1,21,19,0,33.51,83,0,0,3.2
2017,1,21,20,0,31.3,79,0,0,3.64
2017,1,21,21,0,30.16,75,0,0,3.98
2017,1,21,22,0,29.89,76,0,0,3.64
2017,1,21,23,0,29.44,79,0,0,3.33
2017,1,22,0,0,28.92,82,0,0,3.18
2017,1,22,1,0,28.24,82,0,0,3.18
2017,1,22,2,0,27.91,82,0,0,3.67
2017,1,22,3,0,28.74,77,0,0,4.12
2017,1,22,4,0,29.91,75,0,0,3.91
2017,1,22,5,0,30.07,76,0,0,3.8
2017,1,22,6,0,30.31,75,0,0,3.91
2017,1,22,7,0,29.75,77,0,0,4.3
2017,1,22,8,0,28.94,80,0,0,4.75
2017,1,22,9,0,27.86,85,0,54,4.08
2017,1,22,10,0,27.72,86,0,60,3.69
2017,1,22,11,0,30.85,78,0,60,4.78
2017,1,22,12,0,33.15,74,0,60,4.7
2017,1,22,13,0,34.74,75,0,60,3.61
2017,1,22,14,0,34.39,73,0,57.7,2.61
2017,1,22,15,0,35.29,74,0,60,1.9
2017,1,22,16,0,35.83,75,0,57.7,1.43
2017,1,22,17,0,35.96,76,0,55.79,1.43
2017,1,22,18,0,35.22,75,0,14.34,2.98
2017,1,22,19,0,34.07,76,0,0,3.82
2017,1,22,20,0,32.05,80,0,0,2.38
2017,1,22,21,0,30.72,84,0,0,2.2
2017,1,22,22,0,30.24,86,0,0,2.03
2017,1,22,23,0,30.2,86,0,0,2.12
2017,1,23,0,0,29.8,87,0,0,2.01
2017,1,23,1,0,29.39,89,0,0,2.28
2017,1,23,2,0,29.01,90,0,0,2.47
2017,1,23,3,0,28.76,91,0,0,2.03
2017,1,23,4,0,28.42,91,0,0,2.2
2017,1,23,5,0,28.24,91,0,0,2.28
2017,1,23,6,0,28.04,91,0,0,2.34
2017,1,23,7,0,28.18,89,0,0,1.61
2017,1,23,8,0,27.88,89,0,0,1.43
2017,1,23,9,0,27.61,88,0,0,0.81
2017,1,23,10,0,28.99,83,0,0,0.63
2017,1,23,11,0,29.89,73,0,24.89,1.61
2017,1,23,12,0,30.58,70,0,58.28,3
2017,1,23,13,0,31.86,68,0,57.89,4.3
2017,1,23,14,0,31.96,71,0,60,3.54
2017,1,23,15,0,33.3,69,0,60,5.15
2017,1,23,16,0,33.94,68,0,58.28,6.76
2017,1,23,17,0,33.44,70,0,58.09,7.76
2017,1,23,18,0,31.75,76,0,14.87,7.12
2017,1,23,19,0,29.95,80,0,0,6.76
2017,1,23,20,0,28.89,84,0,0,6.2
2017,1,23,21,0,28.06,87,0,0,4.91
2017,1,23,22,0,27.12,90,0,0,3
2017,1,23,23,0,26.98,91,0,0,2.03
2017,1,24,0,0,27.28,91,0,0,1.8
2017,1,24,1,0,27.82,90,0,0,1.63
2017,1,24,2,0,27.36,90,0,0,2.47
2017,1,24,3,0,27.28,89,0,0,3.16
2017,1,24,4,0,27.36,88,0,0,3.61
2017,1,24,5,0,26.94,89,0,0,3.64
2017,1,24,6,0,26.51,91,0,0,3.8
2017,1,24,7,0,25.81,91,0,0,3.67
2017,1,24,8,0,25.39,91,0,0,4.16
2017,1,24,9,0,25.72,89,0,0,3.91
2017,1,24,10,0,27.79,81,0,0,3.26
2017,1,24,11,0,30.07,73,0,0,2.98
2017,1,24,12,0,31.08,71,0,0,3.41
2017,1,24,13,0,31.98,70,0,0,3.85
2017,1,24,14,0,28.71,75,0,25.53,6.61
2017,1,24,15,0,29.44,75,0,44.68,8.61
2017,1,24,16,0,29.8,76,0,26.81,9.31
2017,1,24,17,0,30,75,0,18.51,9.77
2017,1,24,18,0,28.78,79,0,14.04,8.41
2017,1,24,19,0,27.52,84,0,0,7.07
2017,1,24,20,0,26.96,87,0,0,5.32
2017,1,24,21,0,27.23,88,0,0,3.96
2017,1,24,22,0,27.57,90,0,0,3.23
2017,1,24,23,0,27.9,90,0,0,2.73
2017,1,25,0,0,27.61,91,0,0,2.55
2017,1,25,1,0,26.98,91,0,0,3.12
2017,1,25,2,0,26.31,88,0,0,5.16
2017,1,25,3,0,25.18,81,0,0,4.39
2017,1,25,4,0,24.33,80,0,0,3.33
2017,1,25,5,0,24.1,77,0,0,2.28
2017,1,25,6,0,23.88,79,0,0,2.47
2017,1,25,7,0,23.27,78,0,0,3.39
2017,1,25,8,0,22.77,78,0,0,3.12
2017,1,25,9,0,22.35,79,0,56.94,3
2017,1,25,10,0,22.98,74,0,60,3.23
2017,1,25,11,0,24.6,69,0,60,1.12
2017,1,25,12,0,26.74,70,0,49.79,1.2
2017,1,25,13,0,29.61,72,0,0,3.64
2017,1,25,14,0,28.56,70,0,45.96,7.01
2017,1,25,15,0,30.24,68,0,60,6.58
2017,1,25,16,0,31.57,67,0,60,6.19
2017,1,25,17,0,32.32,68,0,60,4.48
2017,1,25,18,0,31.93,67,0,20.9,2.69
2017,1,25,19,0,28.24,78,0,0,3.26
2017,1,25,20,0,27.1,84,0,0,0.32
2017,1,25,21,0,27.1,82,0,0,3.16
2017,1,25,22,0,26.55,81,0,0,5.22
2017,1,25,23,0,26.96,81,0,0,8.7
2017,1,26,0,0,26.6,81,0,0,11.26
2017,1,26,1,0,26.64,80,0,0,12.82
2017,1,26,2,0,26.47,80,0,0,12.37
2017,1,26,3,0,26.46,80,0,0,12.04
2017,1,26,4,0,26.67,79,0,0,11.98
2017,1,26,5,0,26.17,79,0,0,10.55
2017,1,26,6,0,25.14,83,0,0,10.3
2017,1,26,7,0,24.98,83,0,0,10.21
2017,1,26,8,0,25.09,81,0,0,11.02
2017,1,26,9,0,24.98,81,0,58,11.71
2017,1,26,10,0,26.19,80,0,60,12.51
2017,1,26,11,0,28.92,78,0,60,12.61
2017,1,26,12,0,31.33,79,0,60,12.31
2017,1,26,13,0,34.03,75,0,60,12.21
2017,1,26,14,0,34.48,72,0,60,13.81
2017,1,26,15,0,35.87,75,0,60,12.5
2017,1,26,16,0,36.36,75,0,60,11.61
2017,1,26,17,0,35.85,79,0,60,10.22
2017,1,26,18,0,34.18,80,0,22.41,8.64
2017,1,26,19,0,31.35,81,0,0,8.81
2017,1,26,20,0,30.2,70,0,0,8.11
2017,1,26,21,0,30.6,69,0,0,8.63
2017,1,26,22,0,31.71,69,0,0,10.55
2017,1,26,23,0,31.89,71,0,0,11.55
2017,1,27,0,0,31.28,74,0,0,12.71
2017,1,27,1,0,29.7,72,0,0,13.82
2017,1,27,2,0,29.97,66,0,0,11.23
2017,1,27,3,0,30.81,68,0,0,11.71
2017,1,27,4,0,31.57,64,0,0,11.11
2017,1,27,5,0,30.81,66,0,0,11.81
2017,1,27,6,0,30.38,71,0,0,13.61
2017,1,27,7,0,31.37,71,0,0,13.73
2017,1,27,8,0,32.9,70,0,0,13.16
2017,1,27,9,0,34.14,63,0,16.97,13.47
2017,1,27,10,0,34.36,68,0,15.96,14.09
2017,1,27,11,0,36.34,69,0,47.87,12.85
2017,1,27,12,0,38.26,70,0,56.36,11.52
2017,1,27,13,0,39.69,75,0,56.94,10.91
2017,1,27,14,0,42.28,75,0,57.7,11.05
2017,1,27,15,0,44.17,70,0,57.51,9.41
2017,1,27,16,0,44.85,75,0,57.32,6.46
2017,1,27,17,0,45.84,78,0,19.15,3.04
2017,1,27,18,0,44.46,85,0,0,4.67
2017,1,27,19,0,41.04,89,0,0,8.3
2017,1,27,20,0,39.07,91,0,0,7.76
2017,1,27,21,0,38.28,89,0,0,6.19
2017,1,27,22,0,37.53,89,0,0,5.56
2017,1,27,23,0,37.08,72,0,0,5.96
2017,1,28,0,0,36.12,71,0,0,6.5
2017,1,28,1,0,35.73,75,0,0,7.12
2017,1,28,2,0,34.61,83,0,0,7.16
2017,1,28,3,0,34.68,83,0,0,6.99
2017,1,28,4,0,37.26,72,0,0,7.3
2017,1,28,5,0,37.65,68,0,0,7.92
2017,1,28,6,0,37.76,61,0,0,7.13
2017,1,28,7,0,37.36,58,0,0,5.69
2017,1,28,8,0,37.42,56,0,0,3.48
2017,1,28,9,0,36.66,59,0,0.05,2.06
2017,1,28,10,0,37.76,58,0,20.43,3.36
2017,1,28,11,0,37.89,68,0,37.66,6.73
2017,1,28,12,0,41.11,82,0,41.49,8.11
2017,1,28,13,0,46.09,77,0,37.66,8.61
2017,1,28,14,0,45.91,73,0,44.04,3.85
2017,1,28,15,0,47.59,67,0,45.96,2.86
2017,1,28,16,0,48.25,68,0,51.7,3.64
2017,1,28,17,0,48.31,70,0,57.45,3.01
2017,1,28,18,0,47.03,76,0,24.31,1.92
2017,1,28,19,0,45.27,86,0,0,2.41
2017,1,28,20,0,42.96,92,0,0,4.03
2017,1,28,21,0,39.15,88,0,0,5.61
2017,1,28,22,0,36.93,81,0,0,5.2
2017,1,28,23,0,38.25,81,0,0,4.18
2017,1,29,0,0,38.01,79,0,0,3.91
2017,1,29,1,0,38.39,76,0,0,3.8
2017,1,29,2,0,38.3,78,0,0,4
2017,1,29,3,0,37.78,86,0,0,5.52
2017,1,29,4,0,40.28,83,0,0,2.01
2017,1,29,5,0,40.21,88,0,0,2.69
2017,1,29,6,0,39.18,89,0,0,4.2
2017,1,29,7,0,38.17,91,0,0,5.1
2017,1,29,8,0,39.2,90,0,0,4.41
2017,1,29,9,0,40.26,89,0,0,3.85
2017,1,29,10,0,40.24,89,0,0,3.54
2017,1,29,11,0,42.89,86,0,0,3.82
2017,1,29,12,0,45.63,75,0,0,3.5
2017,1,29,13,0,46.83,70,0,0,3.61
2017,1,29,14,0,47.57,74,0,0,3.26
2017,1,29,15,0,48.88,69,0,0,3.72
2017,1,29,16,0,48.83,70,0,30.64,5.5
2017,1,29,17,0,47.52,76,0,57.45,6.44
2017,1,29,18,0,45.32,81,0,26.2,5.59
2017,1,29,19,0,41.22,86,0,0,6.62
2017,1,29,20,0,39.31,81,0,0,6.33
2017,1,29,21,0,37.85,81,0,0,5.88
2017,1,29,22,0,38.57,81,0,0,6.02
2017,1,29,23,0,36.77,84,0,0,5.73
2017,1,30,0,0,36.39,83,0,0,5.41
2017,1,30,1,0,36.75,82,0,0,5.82
2017,1,30,2,0,36.64,87,0,0,5.83
2017,1,30,3,0,36.81,91,0,0,6.14
2017,1,30,4,0,36.95,90,0,0,6.5
2017,1,30,5,0,38.41,88,0,0,6.45
2017,1,30,6,0,40.48,84,0,0,6.5
2017,1,30,7,0,40.89,83,0,0,7.2
2017,1,30,8,0,41.67,79,0,0,7.19
2017,1,30,9,0,42.35,78,0,0,6.2
2017,1,30,10,0,43.95,72,0,0,9.13
2017,1,30,11,0,46.11,68,0,0,11.23
2017,1,30,12,0,47.03,66,0.2,0,16.07
2017,1,30,13,0,48.81,67,0.5,0,15.07
2017,1,30,14,0,45.86,62,0,0,13.25
2017,1,30,15,0,45.77,68,0.3,0,13.66
2017,1,30,16,0,45.54,74,0.8,0,12.5
2017,1,30,17,0,45.93,74,0.8,0,13.73
2017,1,30,18,0,45.5,77,1,0,13.4
2017,1,30,19,0,45.86,81,1,0,10.71
2017,1,30,20,0,45.99,83,1,0,9.89
2017,1,30,21,0,46.45,83,0.7,0,8.44
2017,1,30,22,0,46.6,84,0.1,0,6.11
2017,1,30,23,0,45.36,86,0,0,6.67
2017,1,31,0,0,43.32,88,0,0,6.5
2017,1,31,1,0,42.1,89,0,0,5.83
2017,1,31,2,0,42.37,88,0,0,4.8
2017,1,31,3,0,43.25,90,0,0,4.24
2017,1,31,4,0,44.28,89,0,0,4.53
2017,1,31,5,0,46.47,85,0,0,5.91
2017,1,31,6,0,47.14,85,0,0,8.11
2017,1,31,7,0,47.8,84,0,0,9.91
2017,1,31,8,0,46.2,87,0.1,0,8.07
2017,1,31,9,0,46.08,88,0.1,0,5.54
2017,1,31,10,0,45.82,91,0.5,0,4.34
2017,1,31,11,0,47.12,90,1.3,0,2.91
2017,1,31,12,0,49.1,88,1.3,0,2.72
2017,1,31,13,0,50.27,88,1.1,0,2.24
2017,1,31,14,0,47.93,92,2.1,0,8.25
2017,1,31,15,0,47.79,92,2.1,0,7.91
2017,1,31,16,0,48.15,92,1.8,0,7.25
2017,1,31,17,0,48.54,91,1.4,0,7.69
2017,1,31,18,0,48.22,91,1,0,6.46
2017,1,31,19,0,47.57,94,0.8,0,4.74
2017,1,31,20,0,47.55,94,0.8,0,3.86
2017,1,31,21,0,47.53,94,0.9,0,3.13
2017,1,31,22,0,47.48,94,0.7,0,2.8
2017,1,31,23,0,47.8,92,0.7,0,3.11
2017,2,1,0,0,47.43,94,0.6,0,2
2017,2,1,1,0,47.3,95,0.6,0,1.41
2017,2,1,2,0,47.19,96,0.6,0,1.58
2017,2,1,3,0,47.12,96,0.7,0,2.11
2017,2,1,4,0,47.01,96,0.5,0,2.5
2017,2,1,5,0,46.62,97,0.4,0,2.83
2017,2,1,6,0,46.56,95,0.7,0,3.12
2017,2,1,7,0,46.69,93,0.3,0,3.91
2017,2,1,8,0,47.07,89,0.1,0,4.41
2017,2,1,9,0,46.8,89,0.1,2.53,4.3
2017,2,1,10,0,47.77,85,0,46.6,4.5
2017,2,1,11,0,49.12,86,0,24.89,4.3
2017,2,1,12,0,51.93,82,0,0,2.92
2017,2,1,13,0,54.07,79,0,57.51,1.61
2017,2,1,14,0,52.11,83,0,58.09,3.36
2017,2,1,15,0,54.01,79,0,57.13,3.83
2017,2,1,16,0,55.22,78,0,56.55,4.97
2017,2,1,17,0,55.15,80,0,56.74,6.06
2017,2,1,18,0,53.71,83,0,56.17,4.94
2017,2,1,19,0,51.98,85,0,21.51,5.83
2017,2,1,20,0,49.6,88,0,0,4.72
2017,2,1,21,0,46.9,87,0,0,4.97
2017,2,1,22,0,43.97,89,0,0,4.76
2017,2,1,23,0,45.93,83,0,0,4.34
2017,2,2,0,0,46.53,81,0,0,4.72
2017,2,2,1,0,48.31,77,0,0,5.77
2017,2,2,2,0,48.85,76,0,0,6.33
2017,2,2,3,0,49.39,75,0,0,6.17
2017,2,2,4,0,48.2,77,0,0,5.77
2017,2,2,5,0,47.43,77,0,0,6.09
2017,2,2,6,0,46.56,76,0,0,6.27
2017,2,2,7,0,43.7,80,0,0,7.45
2017,2,2,8,0,38.17,93,0,0,8.32
2017,2,2,9,0,36.45,97,0,5.21,7.77
2017,2,2,10,0,37.31,96,0,54.89,7.07
2017,2,2,11,0,42.39,90,0,41.49,11.43
2017,2,2,12,0,47.17,78,0,36.38,12.81
2017,2,2,13,0,50.63,73,0,37.02,12.02
2017,2,2,14,0,51.94,68,0,0,12.31
2017,2,2,15,0,53.71,68,0,0,12.12
2017,2,2,16,0,55.29,67,0,0,11.05
2017,2,2,17,0,55.62,67,0,28.72,9.44
2017,2,2,18,0,54.5,69,0,54.26,7.64
2017,2,2,19,0,52.27,73,0,29.02,7.65
2017,2,2,20,0,48.97,73,0,0,7.62
2017,2,2,21,0,46.94,72,0,0,6.97
2017,2,2,22,0,46.8,67,0,0,6.22
2017,2,2,23,0,45.48,78,0,0,5.83
2017,2,3,0,0,44.04,87,0,0,6.33
2017,2,3,1,0,42.84,92,0,0,7.21
2017,2,3,2,0,42.57,92,0,0,7.33
2017,2,3,3,0,44.22,78,0,0,7.93
2017,2,3,4,0,46.44,68,0,0,5.91
2017,2,3,5,0,49.87,67,0.3,0,3.72
2017,2,3,6,0,47.97,75,2.4,0,3.41
2017,2,3,7,0,45.72,79,0.5,0,6.2
2017,2,3,8,0,45.43,79,0,0,10.07
2017,2,3,9,0,44.82,74,0,0,10.3
2017,2,3,10,0,44.91,73,0,0,9.49
2017,2,3,11,0,47.77,70,0,0,9.18
2017,2,3,12,0,50.14,66,0,60,9.31
2017,2,3,13,0,52.05,62,0,60,9.37
2017,2,3,14,0,52.16,64,0,0,4.53
2017,2,3,15,0,53.89,60,0,0,3.36
2017,2,3,16,0,54.09,56,0,58.72,6.62
2017,2,3,17,0,52.09,55,0,40.21,10.75
2017,2,3,18,0,49.98,68,0,0.64,8.1
2017,2,3,19,0,48.06,76,0,0,7.94
2017,2,3,20,0,47.61,74,0,0,8.1
2017,2,3,21,0,46.81,70,0.1,0,5.92
2017,2,3,22,0,46.49,66,0.7,0,12.02
2017,2,3,23,0,44.42,76,0.5,0,13.14
2017,2,4,0,0,44.19,75,0,0,10.29
2017,2,4,1,0,44.76,76,0,0,9.3
2017,2,4,2,0,43.23,80,0,0,9.61
2017,2,4,3,0,41.67,80,0,0,6.8
2017,2,4,4,0,39.83,81,0,0,6.33
2017,2,4,5,0,37.99,83,0,0,5.91
2017,2,4,6,0,37.04,86,0,0,8.21
2017,2,4,7,0,35.04,93,0,0,10.76
2017,2,4,8,0,38.05,88,0,0,13.03
2017,2,4,9,0,38.34,89,0,0,14.23
2017,2,4,10,0,38.82,86,0,0,14.73
2017,2,4,11,0,39.45,88,0.2,0,13.82
2017,2,4,12,0,40.06,87,2.9,0,15.66
2017,2,4,13,0,44.15,80,0.7,0,11.68
2017,2,4,14,0,46.89,72,0,47.23,14.64
2017,2,4,15,0,48.79,65,0,0,21.11
2017,2,4,16,0,48.7,64,0.2,0,31.04
2017,2,4,17,0,47.25,62,0,0,31.1
2017,2,4,18,0,44.47,69,0,0,28.73
2017,2,4,19,0,42.67,76,0,0,22.68
2017,2,4,20,0,42.93,77,0.1,0,21.16
2017,2,4,21,0,42.26,74,0,0,23.13
2017,2,4,22,0,42.04,76,0,0,19.17
2017,2,4,23,0,41.45,75,0,0,15.31
2017,2,5,0,0,40.03,75,0,0,10.49
2017,2,5,1,0,39.07,75,0,0,8.11
2017,2,5,2,0,38.26,71,0,0,5.73
2017,2,5,3,0,36.23,77,0,0,7.34
2017,2,5,4,0,38.03,76,0,0,6.49
2017,2,5,5,0,40.55,74,0,0,6.14
2017,2,5,6,0,40.82,74,0,0,6.27
2017,2,5,7,0,39.33,78,0,0,6.82
2017,2,5,8,0,36.57,87,0,0,9.13
2017,2,5,9,0,35.89,91,0,0,9.8
2017,2,5,10,0,39.51,79,0.1,0,11.01
2017,2,5,11,0,41.52,75,0.4,0,11.36
2017,2,5,12,0,42.71,80,0.4,0,10.91
2017,2,5,13,0,42.91,80,0.1,0,10.22
2017,2,5,14,0,42.73,74,0,0,7.83
2017,2,5,15,0,43.32,75,0,0,5.15
2017,2,5,16,0,42.6,78,0.1,0,7.44
2017,2,5,17,0,41.74,82,1.2,0,9.17
2017,2,5,18,0,41.38,85,1.9,0,7.99
2017,2,5,19,0,41.16,90,2.1,0,5.06
2017,2,5,20,0,41.81,89,2.1,0,9.84
2017,2,5,21,0,40.01,89,2.2,0,8.74
2017,2,5,22,0,38.21,90,2.2,0,5.87
2017,2,5,23,0,37.81,92,2.2,0,4.53
2017,2,6,0,0,37.56,92,1.9,0,4.91
2017,2,6,1,0,37.62,92,1.4,0,4.03
2017,2,6,2,0,37.87,94,1.1,0,4.22
2017,2,6,3,0,38.55,95,0.9,0,4.25
2017,2,6,4,0,38.71,96,0.4,0,5.22
2017,2,6,5,0,38.79,96,0,0,5.3
2017,2,6,6,0,38.73,97,0,0,6.95
2017,2,6,7,0,38.55,97,0,0,8.41
2017,2,6,8,0,38.52,97,0,0,8.7
2017,2,6,9,0,37.65,97,0,0,7.93
2017,2,6,10,0,37.81,96,0,0,7.77
2017,2,6,11,0,39.56,92,0,0,8.19
2017,2,6,12,0,41.67,90,0,0,9.33
2017,2,6,13,0,43.7,85,0,0,10.74
2017,2,6,14,0,44.51,82,0,0,7.64
2017,2,6,15,0,44.71,82,0,0,7.11
2017,2,6,16,0,45.14,82,0,0,7
2017,2,6,17,0,45.03,79,0,0,6.52
2017,2,6,18,0,44.71,77,0,49.79,5.41
2017,2,6,19,0,43.09,79,0,39.4,4.65
2017,2,6,20,0,42.21,80,0,0,3.72
2017,2,6,21,0,41.05,83,0,0,1.84
2017,2,6,22,0,40.86,83,0,0,0.71
2017,2,6,23,0,39.79,86,0,0,0.45
2017,2,7,0,0,38.44,88,0,0,1
2017,2,7,1,0,37.85,89,0,0,1.43
2017,2,7,2,0,37.85,90,0,0,2.01
2017,2,7,3,0,39.06,84,0,0,3.47
2017,2,7,4,0,38.84,80,0,0,4.05
2017,2,7,5,0,37.2,84,0,0,3.41
2017,2,7,6,0,36.07,88,0,0,3.18
2017,2,7,7,0,35.33,91,0,0,3.16
2017,2,7,8,0,34.52,92,0,0,4.41
2017,2,7,9,0,33.73,92,0,8.63,5.41
2017,2,7,10,0,34.43,93,0,42.13,5.91
2017,2,7,11,0,37.83,85,0,32.55,9.11
2017,2,7,12,0,41.27,75,0,24.26,9.82
2017,2,7,13,0,44.22,65,0,0,10.93
2017,2,7,14,0,45.66,69,0.1,0,5.1
2017,2,7,15,0,45.14,70,0.5,0,2.83
2017,2,7,16,0,43.23,81,0.7,0,3.5
2017,2,7,17,0,42.3,89,0.8,0,3.33
2017,2,7,18,0,41.94,89,0.7,0,3.01
2017,2,7,19,0,41.49,90,0.5,0,2.38
2017,2,7,20,0,41.14,88,0.7,0,3.69
2017,2,7,21,0,40.17,87,0.7,0,3.42
2017,2,7,22,0,40.15,91,0.7,0,3.01
2017,2,7,23,0,40.14,90,0.4,0,3.41
2017,2,8,0,0,40.44,89,0.4,0,3.91
2017,2,8,1,0,40.55,93,0.3,0,6.95
2017,2,8,2,0,40.3,91,0.3,0,7.88
2017,2,8,3,0,40.46,91,0.2,0,5.61
2017,2,8,4,0,40.12,93,0.1,0,6.06
2017,2,8,5,0,39.51,93,0.1,0,6.36
2017,2,8,6,0,39.24,92,0,0,6.19
2017,2,8,7,0,38.98,93,0,0,5.48
2017,2,8,8,0,38.79,94,0,0,5.45
2017,2,8,9,0,38.55,95,0,0,6
2017,2,8,10,0,39.51,93,0.1,0,7.48
2017,2,8,11,0,39.24,92,0.1,0,7.8
2017,2,8,12,0,40.23,89,0.1,0,7.83
2017,2,8,13,0,41.16,86,0.1,0,8.07
2017,2,8,14,0,43.7,81,0,0,6.3
2017,2,8,15,0,44.6,79,0,0,8.47
2017,2,8,16,0,45.01,78,0,0,8.99
2017,2,8,17,0,44.83,78,0,0,8.95
2017,2,8,18,0,44.71,80,0,0,8.72
2017,2,8,19,0,43.72,84,0,0,6.3
2017,2,8,20,0,43.11,83,0,0,6.02
2017,2,8,21,0,40.15,77,0,0,6.5
2017,2,8,22,0,38.28,79,0,0,5.92
2017,2,8,23,0,38.01,73,0,0,5.15
2017,2,9,0,0,37.08,79,0,0,4.47
2017,2,9,1,0,36.59,81,0,0,3.59
2017,2,9,2,0,35.87,81,0,0,2.01
2017,2,9,3,0,35.42,82,0,0,0.71
2017,2,9,4,0,34.88,86,0,0,2.11
2017,2,9,5,0,33.57,96,0,0,2.91
2017,2,9,6,0,33.06,96,0,0,3.2
2017,2,9,7,0,32.49,96,0,0,3
2017,2,9,8,0,31.77,96,0,0,3.8
2017,2,9,9,0,30.58,96,0,0,4.22
2017,2,9,10,0,30.96,92,0,0,2.69
2017,2,9,11,0,32.83,88,0,0,0
2017,2,9,12,0,36.39,77,0,18.51,4.24
2017,2,9,13,0,41.11,58,0,12.13,8.02
2017,2,9,14,0,43.27,60,0,35.74,2.5
2017,2,9,15,0,45.03,59,0,57.32,2.01
2017,2,9,16,0,45.59,60,0,56.81,2.69
2017,2,9,17,0,44.04,61,0,40.85,4.61
2017,2,9,18,0,43.36,60,0,17.23,6.27
2017,2,9,19,0,40.48,75,0,42.14,6.28
2017,2,9,20,0,38.12,78,0,0,6.33
2017,2,9,21,0,36.03,82,0,0,5.37
2017,2,9,22,0,35.15,82,0,0,5.24
2017,2,9,23,0,33.57,85,0,0,5.82
2017,2,10,0,0,31.93,88,0,0,6.2
2017,2,10,1,0,32.22,86,0,0,7
2017,2,10,2,0,33.01,82,0,0,7.31
2017,2,10,3,0,33.48,80,0,0,8.7
2017,2,10,4,0,33.21,80,0,0,9.72
2017,2,10,5,0,33.22,80,0,0,9.64
2017,2,10,6,0,33.15,81,0,0,8.57
2017,2,10,7,0,32.86,84,0,0,6.5
2017,2,10,8,0,33.1,83,0,0,5.22
2017,2,10,9,0,33.22,82,0,0,4.5
2017,2,10,10,0,34.43,78,0,0,4.12
2017,2,10,11,0,36.68,75,0,0,3.61
2017,2,10,12,0,39.97,69,0,0,4
2017,2,10,13,0,44.28,62,0,21.06,2.73
2017,2,10,14,0,40.69,80,0,0,10
2017,2,10,15,0,43.27,75,0,0,10.97
2017,2,10,16,0,45.61,71,0,0,9.56
2017,2,10,17,0,47.52,65,0,4.47,7.39
2017,2,10,18,0,46.96,64,0,35.11,6.33
2017,2,10,19,0,44.4,70,0,0,8.08
2017,2,10,20,0,41.27,79,0,0,7.75
2017,2,10,21,0,39.25,85,0,0,6.96
2017,2,10,22,0,38.3,87,0,0,6.97
2017,2,10,23,0,39.85,79,0,0,8.07
2017,2,11,0,0,39.09,78,0,0,8.55
2017,2,11,1,0,37.85,83,0,0,9.18
2017,2,11,2,0,36.52,88,0,0,8.86
2017,2,11,3,0,35.17,93,0,0,6.82
2017,2,11,4,0,35.13,93,0,0,6.58
2017,2,11,5,0,36.03,90,0,0,7.2
2017,2,11,6,0,36.16,91,0,0,7.39
2017,2,11,7,0,36.23,86,0,0,6.97
2017,2,11,8,0,36.14,86,0,0,6.71
2017,2,11,9,0,36.39,89,0,0,6.52
2017,2,11,10,0,37.62,90,0,0,6.52
2017,2,11,11,0,41.63,74,0,0,8.13
2017,2,11,12,0,44.82,63,0,0,7.69
2017,2,11,13,0,47.3,62,0,56.81,6.52
2017,2,11,14,0,48.94,60,0,60,9.11
2017,2,11,15,0,51.19,56,0,53.62,8.07
2017,2,11,16,0,51.49,51,0,60,9.17
2017,2,11,17,0,49.95,50,0,0,10.44
2017,2,11,18,0,48.78,55,0,0,8.4
2017,2,11,19,0,47.52,60,0,0,6.96
2017,2,11,20,0,46.38,66,0,0,6.27
2017,2,11,21,0,44.56,75,0,0,6.91
2017,2,11,22,0,43.95,71,0,0,10.13
2017,2,11,23,0,42.96,63,0,0,11.63
2017,2,12,0,0,42.53,62,0,0,12.54
2017,2,12,1,0,41.94,66,0,0,9.06
2017,2,12,2,0,41.76,67,0,0,7.48
2017,2,12,3,0,41.49,72,0,0,9.41
2017,2,12,4,0,41.65,72,0,0,7.39
2017,2,12,5,0,41.11,74,0,0,7.64
2017,2,12,6,0,41.14,74,0,0,8.77
2017,2,12,7,0,41.45,72,0,0,9.49
2017,2,12,8,0,41.49,69,0,0,10.49
2017,2,12,9,0,41.58,65,0,0,10.17
2017,2,12,10,0,43.21,64,0,0,9.37
2017,2,12,11,0,44.62,62,0,44.04,9.72
2017,2,12,12,0,46.62,61,0,12.77,11.61
2017,2,12,13,0,49.51,57,0,22.98,11.18
2017,2,12,14,0,49.14,60,0,57.45,10.97
2017,2,12,15,0,50.72,57,0,57.13,10.16
2017,2,12,16,0,51.84,57,0,55.98,9.93
2017,2,12,17,0,52.11,58,0,55.21,9.46
2017,2,12,18,0,51.08,62,0,37.66,7.66
2017,2,12,19,0,49.48,61,0,46.01,6.5
2017,2,12,20,0,46.96,68,0,0,5.41
2017,2,12,21,0,44.33,74,0,0,4.61
2017,2,12,22,0,42.22,80,0,0,3.7
2017,2,12,23,0,40.64,83,0,0,3.23
2017,2,13,0,0,39.22,87,0,0,2.55
2017,2,13,1,0,38.97,86,0,0,3.47
2017,2,13,2,0,37.99,86,0,0,5.61
2017,2,13,3,0,36.48,90,0,0,7.41
2017,2,13,4,0,35.92,90,0,0,7.93
2017,2,13,5,0,35.02,90,0,0,7.73
2017,2,13,6,0,34.09,90,0,0,7.61
2017,2,13,7,0,33.22,90,0,0,6.71
2017,2,13,8,0,33.17,88,0,0,6.71
2017,2,13,9,0,32.9,88,0,21.31,5.91
2017,2,13,10,0,35.06,82,0,58.72,5.87
2017,2,13,11,0,38.21,76,0,51.06,5.37
2017,2,13,12,0,41.5,70,0,58.09,4.94
2017,2,13,13,0,44.37,67,0,58.72,3.04
2017,2,13,14,0,45.54,65,0,60,2.73
2017,2,13,15,0,46.99,63,0,60,2.06
2017,2,13,16,0,48.88,61,0,60,3.2
2017,2,13,17,0,50.52,61,0,60,5.15
2017,2,13,18,0,50.18,60,0,60,5.7
2017,2,13,19,0,48.24,63,0,50.38,6.06
2017,2,13,20,0,42.21,81,0,0,7
2017,2,13,21,0,40.77,76,0,0,7.02
2017,2,13,22,0,39.07,79,0,0,6.52
2017,2,13,23,0,37.56,83,0,0,6.71
2017,2,14,0,0,36.61,86,0,0,7.94
2017,2,14,1,0,35.64,89,0,0,10.91
2017,2,14,2,0,34.7,91,0,0,12.71
2017,2,14,3,0,33.87,93,0,0,12.41
2017,2,14,4,0,33.31,92,0,0,13.82
2017,2,14,5,0,33.64,89,0,0,15.13
2017,2,14,6,0,33.39,88,0,0,10.61
2017,2,14,7,0,33.42,87,0,0,8.61
2017,2,14,8,0,32.02,92,0,0,8.31
2017,2,14,9,0,31.51,95,0,24.12,11.05
2017,2,14,10,0,34.27,91,0,60,10.14
2017,2,14,11,0,38.97,87,0,60,9.56
2017,2,14,12,0,44.62,73,0,60,10.31
2017,2,14,13,0,49.17,70,0,60,9.56
2017,2,14,14,0,47.21,64,0,60,9.46
2017,2,14,15,0,49.93,60,0,60,7.83
2017,2,14,16,0,51.37,58,0,60,6.33
2017,2,14,17,0,51.87,62,0,60,5.52
2017,2,14,18,0,50.94,68,0,60,3.96
2017,2,14,19,0,48.99,71,0,51.95,3.61
2017,2,14,20,0,45.03,78,0,0,2.01
2017,2,14,21,0,42.3,82,0,0,0.71
2017,2,14,22,0,41.76,81,0,0,1.3
2017,2,14,23,0,41.38,82,0,0,1.57
2017,2,15,0,0,40.8,85,0,0,0.32
2017,2,15,1,0,40.12,88,0,0,2.62
2017,2,15,2,0,40.82,84,0,0,2.62
2017,2,15,3,0,40.57,81,0,0,2.03
2017,2,15,4,0,40.01,79,0,0,1.12
2017,2,15,5,0,39.94,74,0,0,1.43
2017,2,15,6,0,40.23,71,0,0,2.73
2017,2,15,7,0,40.39,71,0,0,3.72
2017,2,15,8,0,40.95,67,0,0,4.3
2017,2,15,9,0,40.73,67,0,25.76,3.91
2017,2,15,10,0,41.13,69,0,60,3.41
2017,2,15,11,0,41.92,74,0,60,2.62
2017,2,15,12,0,44.64,78,0,60,0.71
2017,2,15,13,0,48.54,68,0,60,1.27
2017,2,15,14,0,51.84,66,0,60,2.2
2017,2,15,15,0,55.36,66,0,60,3.54
2017,2,15,16,0,57.04,64,0,60,3.72
2017,2,15,17,0,57.13,66,0,60,2.8
2017,2,15,18,0,56.53,65,0,60,1.34
2017,2,15,19,0,55.67,66,0,53.51,1.92
2017,2,15,20,0,53.69,70,0,0,3.98
2017,2,15,21,0,51.91,73,0,0,4.65
2017,2,15,22,0,50.61,74,0,0,4.27
2017,2,15,23,0,49.5,71,0,0,4.03
2017,2,16,0,0,48.49,67,0,0,3.91
2017,2,16,1,0,47.46,65,0,0,4.16
2017,2,16,2,0,46.06,63,0,0,4.12
2017,2,16,3,0,44.85,61,0,0,3.48
2017,2,16,4,0,43.3,63,0,0,2.55
2017,2,16,5,0,42.71,64,0,0,3.18
2017,2,16,6,0,42.87,63,0,0,3.96
2017,2,16,7,0,42.67,65,0,0,4.3
2017,2,16,8,0,41.83,69,0,0,4.5
2017,2,16,9,0,40.59,73,0,27.42,4.82
2017,2,16,10,0,40.28,78,0,60,4.67
2017,2,16,11,0,43.09,81,0,60,4.67
2017,2,16,12,0,47.88,80,0,60,3.81
2017,2,16,13,0,51.8,70,0,60,1.5
2017,2,16,14,0,54.61,69,0,57.89,1
2017,2,16,15,0,56.35,67,0,59.43,0.63
2017,10,19,17,0,72.1,40,0,0,4.56
2017,10,19,18,0,70.77,46,0,0,4.34
2017,10,19,19,0,69.24,50,0,0.8,5.66
2017,10,19,20,0,67.89,50,0,0,5.54
2017,10,19,21,0,66.94,48,0,0,3.75
2017,10,19,22,0,65.93,48,0,0,2.86
2017,10,19,23,0,63.09,57,0,0,2.72
2017,10,20,0,0,60.76,60,0,0,2.42
2017,10,20,1,0,60.44,51,0,0,3.61
2017,10,20,2,0,56.88,50,0,0,5.1
2017,10,20,3,0,53.71,58,0,0,6.26
2017,10,20,4,0,55.49,63,0,0,4.39
2017,10,20,5,0,57.63,55,0,0,4.65
2017,10,20,6,0,58.48,54,0,0,4.97
2017,10,20,7,0,57.72,57,0,0,4.61
2017,10,20,8,0,57.74,59,0,4.32,5.52
2017,10,20,9,0,58.42,60,0,59.36,5.41
2017,10,20,10,0,60.13,62,0,60,4.11
2017,10,20,11,0,63.99,58,0,60,0.32
2017,10,20,12,0,68.41,50,0,60,5.82
2017,10,20,13,0,70.2,46,0,60,8.52
2017,10,20,14,0,67.68,55,0,37.66,14.04
2017,10,20,15,0,66.31,57,0,0,14.92
2017,10,20,16,0,64.85,62,0,0,10.53
2017,10,20,17,0,68.31,58,0,0,7.64
2017,10,20,18,0,66.94,63,0,40.85,4.7
2017,10,20,19,0,65.3,66,0,7.2,1.61
2017,10,20,20,0,64.33,68,0,0,2.68
2017,10,20,21,0,62.85,71,0,0,5.65
2017,10,20,22,0,61,70,0,0,5.72
2017,10,20,23,0,59.5,73,0,0,5.22
2017,10,21,0,0,59.22,77,0,0,3.91
2017,10,21,1,0,60.3,75,0,0,2.3
2017,10,21,2,0,60.37,75,0,0,1.57
2017,10,21,3,0,61.84,72,0,0,3.01
2017,10,21,4,0,62.37,70,0,0,2.55
2017,10,21,5,0,60.98,73,0,0,5.39
2017,10,21,6,0,60.21,76,0,0,5.39
2017,10,21,7,0,61.36,73,0,0,4.27
2017,10,21,8,0,60.31,74,0,4.42,5.05
2017,10,21,9,0,58.89,78,0,53.3,4.27
2017,10,21,10,0,63,70,0,51.77,4.05
2017,10,21,11,0,67.35,60,0,0,4.03
2017,10,21,12,0,71.71,49,0,40.85,5.61
2017,10,21,13,0,73.96,39,0,38.94,9.64
2017,10,21,14,0,72.18,45,0,0,9.66
2017,10,21,15,0,72.25,48,0,53.3,13.24
2017,10,21,16,0,70.05,53,0,53.62,15.6
2017,10,21,17,0,68.77,54,0.1,60,14.46
2017,10,21,18,0,67.08,58,0,0,10.47
2017,10,21,19,0,63.99,69,0.1,0,11.11
2017,10,21,20,0,59.79,81,1.1,0,13.98
2017,10,21,21,0,58.35,80,0,0,9.71
2017,10,21,22,0,57.94,75,0,0,11.29
2017,10,21,23,0,56.52,78,0,0,10.6
2017,10,22,0,0,55.62,73,0.2,0,11.69
2017,10,22,1,0,54.66,71,0,0,12.32
2017,10,22,2,0,53.19,72,0,0,13.23
2017,10,22,3,0,51.51,73,0,0,12.88
2017,10,22,4,0,50.63,74,0,0,12.37
2017,10,22,5,0,49.15,76,0,0,9.64
2017,10,22,6,0,48.22,76,0,0,8.82
2017,10,22,7,0,47.73,77,0,0,8.94
2017,10,22,8,0,48.4,77,0,0,10.3
2017,10,22,9,0,50.07,73,0.1,0,13.92
2017,10,22,10,0,50.65,74,0.6,0,15.14
2017,10,22,11,0,51.1,70,0.4,0,17.2
2017,10,22,12,0,52.07,65,0.5,51.7,17.55
2017,10,22,13,0,53.08,60,0.3,27.45,17.33
2017,10,22,14,0,52.27,62,0.5,0,18.32
2017,10,22,15,0,52.52,59,0.4,0,18.19
2017,10,22,16,0,53.22,58,0.5,0,18.25
2017,10,22,17,0,52.45,60,0.7,0,18.65
2017,10,22,18,0,51.17,66,0,0,17.46
2017,10,22,19,0,49.3,72,0,0,15.88
2017,10,22,20,0,48.33,74,0,0,13.87
2017,10,22,21,0,48,75,0,0,14.81
2017,10,22,22,0,47.55,76,0,0,15.12
2017,10,22,23,0,47.1,76,0.1,0,15.01
2017,10,23,0,0,46.47,77,0,0,14.56
2017,10,23,1,0,46.33,77,0,0,11.86
2017,10,23,2,0,46.63,74,0,0,9.39
2017,10,23,3,0,46.74,75,0,0,11.68
2017,10,23,4,0,46.67,78,0,0,11.56
2017,10,23,5,0,46.99,79,0,0,11.52
2017,10,23,6,0,47.14,80,0,0,12.15
2017,10,23,7,0,46.72,83,0,0,13.42
2017,10,23,8,0,46.65,84,0,0,13.2
2017,10,23,9,0,47.16,83,0,0,13.42
2017,10,23,10,0,49.32,78,0.2,0,13.65
2017,10,23,11,0,49.82,76,0,0,13.65
2017,10,23,12,0,51.1,71,0,35.11,13.21
2017,10,23,13,0,52.18,70,0,0,13.69
2017,10,23,14,0,53.1,68,0.5,0,14.55
2017,10,23,15,0,54.3,66,0.6,24.89,14.32
2017,10,23,16,0,54.21,66,0.6,33.19,13.65
2017,10,23,17,0,55.2,65,0.5,0,12.75
2017,10,23,18,0,54.36,68,0,0,11.89
2017,10,23,19,0,53.37,71,0.1,0,11.23
2017,10,23,20,0,52.45,73,0.3,0,11.99
2017,10,23,21,0,52.05,74,0.3,0,10.69
2017,10,23,22,0,51.91,76,0.2,0,10.26
2017,10,23,23,0,51.64,77,0.2,0,9.35
2017,10,24,0,0,51.51,79,0.3,0,7.33
2017,10,24,1,0,51.64,80,0.4,0,5.38
2017,10,24,2,0,51.75,80,0.3,0,4.47
2017,10,24,3,0,51.76,81,0.2,0,2.98
2017,10,24,4,0,51.75,83,0.2,0,2.01
2017,10,24,5,0,51.93,83,0.2,0,1.91
2017,10,24,6,0,51.89,83,0.2,0,2.5
2017,10,24,7,0,51.69,84,0.1,0,2.62
2017,10,24,8,0,51.67,85,0,0,2.5
2017,10,24,9,0,52.63,84,0,0,1.3
2017,10,24,10,0,55.27,81,0,0,1.57
2017,10,24,11,0,58.57,74,0,0,5.66
2017,10,24,12,0,60.53,71,0,0,8.75
2017,10,24,13,0,61,71,0,0,8.77
2017,10,24,14,0,61.41,60,0,35.74,2.38
2017,10,24,15,0,62.73,60,0,33.83,3.8
2017,10,24,16,0,63.3,62,0,56.17,4.82
2017,10,24,17,0,63.18,64,0,56.17,5.11
2017,10,24,18,0,61.99,68,0,25.78,3.33
2017,10,24,19,0,61,71,0,0,1.58
2017,10,24,20,0,60.06,73,0,0,0.32
2017,10,24,21,0,59.32,74,0,0,1.92
2017,10,24,22,0,58.1,77,0,0,2.86
2017,10,24,23,0,57.09,78,0,0,3.33
2017,10,25,0,0,56.43,81,0,0,3.49
2017,10,25,1,0,55.98,83,0,0,3.64
2017,10,25,2,0,55,85,0,0,4.41
2017,10,25,3,0,53.83,86,0,0,4.61
2017,10,25,4,0,52.84,88,0,0,4.7
2017,10,25,5,0,51.89,91,0,0,4.5
2017,10,25,6,0,50.5,94,0,0,2.77
2017,10,25,7,0,50.67,92,0,0,3.61
2017,10,25,8,0,51.3,89,0,14.46,2.62
2017,10,25,9,0,52.23,85,0,20.43,3
2017,10,25,10,0,54.82,80,0,48.51,2.28
2017,10,25,11,0,58.42,72,0,55.21,2.77
2017,10,25,12,0,62.28,65,0,55.79,2.24
2017,10,25,13,0,65.46,59,0,56.36,1.58
2017,10,25,14,0,66.88,55,0,35.11,1.36
2017,10,25,15,0,68.95,54,0,44.04,1.79
2017,10,25,16,0,70.07,54,0,56.36,1.8
2017,10,25,17,0,70.05,56,0,55.79,1.41
2017,10,25,18,0,68.95,59,0,24.91,1.2
2017,10,25,19,0,67.62,61,0,0,1.41
2017,10,25,20,0,66.15,65,0,0,0.67
2017,10,25,21,0,64.67,68,0,0,2.69
2017,10,25,22,0,63.48,71,0,0,3.11
2017,10,25,23,0,61.5,75,0,0,3.61
2017,10,26,0,0,59.76,79,0,0,3.5
2017,10,26,1,0,58.87,82,0,0,3.18
2017,10,26,2,0,58.19,86,0,0,3.33
2017,10,26,3,0,57.56,88,0,0,3.41
2017,10,26,4,0,56.5,91,0,0,3.2
2017,10,26,5,0,55.18,94,0,0,3.41
2017,10,26,6,0,54.09,94,0,0,3.75
2017,10,26,7,0,53.04,93,0,0,3.82
2017,10,26,8,0,53.24,88,0,53.75,3.23
2017,10,26,9,0,54.09,82,0,57.32,3.18
2017,10,26,10,0,55.92,80,0,58.09,2.83
2017,10,26,11,0,59.88,74,0,59.62,2.77
2017,10,26,12,0,63.21,69,0,59.43,1.41
2017,10,26,13,0,66.78,61,0,59.43,0.67
2017,10,26,14,0,68.27,51,0,60,2.01
2017,10,26,15,0,71.22,44,0,59.04,3.59
2017,10,26,16,0,72.23,43,0,59.04,5.66
2017,10,26,17,0,71.46,46,0,58.47,6.11
2017,10,26,18,0,69.19,51,0,24.04,5.27
2017,10,26,19,0,67.32,55,0,0,4.47
2017,10,26,20,0,65.89,58,0,0,3.67
2017,10,26,21,0,64.44,62,0,0,3.85
2017,10,26,22,0,61.48,69,0,0,4.32
2017,10,26,23,0,56.89,78,0,0,5.38
2017,10,27,0,0,55.94,76,0,0,5.19
2017,10,27,1,0,56.93,69,0,0,5.22
2017,10,27,2,0,57.43,64,0,0,4.39
2017,10,27,3,0,58.01,63,0,0,3.47
2017,10,27,4,0,58.57,64,0,0,3.91
2017,10,27,5,0,58.96,74,0,0,7.16
2017,10,27,6,0,57.92,79,0,0,8.55
2017,10,27,7,0,57.31,79,0,0,9.17
2017,10,27,8,0,56.89,79,0,50.15,8.79
2017,10,27,9,0,55.42,82,0,35.11,10.68
2017,10,27,10,0,57.49,75,0,29.36,9.75
2017,10,27,11,0,58.05,75,0,0,9.52
2017,10,27,12,0,58.1,75,0.5,0,11.69
2017,10,27,13,0,55.33,70,0.6,0,8.53
2017,10,27,14,0,58.03,68,0,0,10.97
2017,10,27,15,0,57.74,62,0,0,10.96
2017,10,27,16,0,58.41,57,0,0,10.07
2017,10,27,17,0,57.63,56,0,0,10.08
2017,10,27,18,0,56.59,55,0,2.49,6.5
2017,10,27,19,0,55.26,63,0,0,4.97
2017,10,27,20,0,54.46,65,0,0,5.39
2017,10,27,21,0,54.03,57,0,0,6.89
2017,10,27,22,0,51.73,66,0,0,7.07
2017,10,27,23,0,48.31,75,0,0,5.8
2017,10,28,0,0,46.56,78,0,0,4.65
2017,10,28,1,0,46.87,77,0,0,3.96
2017,10,28,2,0,46.87,76,0,0,3.04
2017,10,28,3,0,47.01,76,0,0,2.53
2017,10,28,4,0,47.07,77,0,0,1.75
2017,10,28,5,0,47.37,77,0,0,1.12
2017,10,28,6,0,46.99,78,0,0,1.84
2017,10,28,7,0,47.1,78,0,0,3.12
2017,10,28,8,0,45.57,79,0,40.16,4.5
2017,10,28,9,0,45.16,76,0,53.62,6.55
2017,10,28,10,0,47.44,72,0,54.26,7.16
2017,10,28,11,0,49.46,67,0,40.85,10.53
2017,10,28,12,0,51.24,63,0,40.85,12.38
2017,10,28,13,0,52.3,55,0,40.85,14.64
2017,10,28,14,0,54.75,57,0,40.85,15.58
2017,10,28,15,0,55.04,54,0,34.47,15.84
2017,10,28,16,0,55.36,51,0,31.91,15.09
2017,10,28,17,0,54.88,52,0,30,14.17
2017,10,28,18,0,53.31,55,0,0,11.77
2017,10,28,19,0,51.28,61,0,0,10.96
2017,10,28,20,0,49.77,66,0,0,10.16
2017,10,28,21,0,48.78,69,0,0,10.85
2017,10,28,22,0,49.53,65,0,0,11.81
2017,10,28,23,0,50.29,62,0,0,14.61
2017,10,29,0,0,50.5,62,0,0,14.86
2017,10,29,1,0,50.52,63,0,0,15.63
2017,10,29,2,0,50.31,63,0,0,16.13
2017,10,29,3,0,50.74,62,0,0,17.47
2017,10,29,4,0,50.79,61,0,0,17.98
2017,10,29,5,0,50.72,63,0,0,18.56
2017,10,29,6,0,50.59,65,0,0,19.48
2017,10,29,7,0,50.65,63,0,0,19.91
2017,10,29,8,0,50.45,65,0,0,20.35
2017,10,29,9,0,50.67,65,0,49.79,20.73
2017,10,29,10,0,52.41,70,0,0,22.4
2017,10,29,11,0,53.1,73,0,0,23.75
2017,10,29,12,0,52.79,73,0,0,23.27
2017,10,29,13,0,52.3,74,0,0,22.16
2017,10,29,14,0,50.86,76,0.1,0,20.13
2017,10,29,15,0,51.48,75,0,0,19.47
2017,10,29,16,0,51.91,76,0,0,17.71
2017,10,29,17,0,51.49,80,0,0,13.73
2017,10,29,18,0,50.61,84,0.1,0,12.59
2017,10,29,19,0,48.87,88,0,0,10.85
2017,10,29,20,0,49.05,86,0,0,8.72
2017,10,29,21,0,48.51,88,0,0,6.65
2017,10,29,22,0,46.72,82,0,0,4.91
2017,10,29,23,0,45.32,79,0,0,4.47
2017,10,30,0,0,44.26,79,0,0,4.11
2017,10,30,1,0,43.38,83,0,0,3.23
2017,10,30,2,0,41.99,87,0,0,2.92
2017,10,30,3,0,40.68,90,0,0,2.86
2017,10,30,4,0,39.79,91,0,0,2.38
2017,10,30,5,0,39.29,92,0,0,1.41
2017,10,30,6,0,38.39,94,0,0,1.79
2017,10,30,7,0,37.99,95,0,0,1.79
2017,10,30,8,0,37.51,95,0,0,1.41
2017,10,30,9,0,37.47,94,0,0,1.41
2017,10,30,10,0,39.81,89,0,0,2.01
2017,10,30,11,0,43.72,79,0,58.09,3.36
2017,10,30,12,0,46.69,67,0,24.89,4.48
2017,10,30,13,0,48.36,60,0,60,5.15
2017,10,30,14,0,50.04,58,0,60,7.39
2017,10,30,15,0,51.12,54,0,60,8.38
2017,10,30,16,0,51.46,54,0,60,7.61
2017,10,30,17,0,51.08,54,0,60,6.71
2017,10,30,18,0,49.73,57,0,18.43,5.92
2017,10,30,19,0,46.02,65,0,0,5.37
2017,10,30,20,0,43.23,73,0,0,2.94
2017,10,30,21,0,41.56,78,0,0,1.91
2017,10,30,22,0,40.75,78,0,0,2.73
2017,10,30,23,0,39.83,78,0,0,3.36
2017,10,31,0,0,38.64,77,0,0,4.22
2017,10,31,1,0,37.6,77,0,0,4.44
2017,10,31,2,0,36.75,79,0,0,4.03
2017,10,31,3,0,36.12,80,0,0,3.41
2017,10,31,4,0,35.51,81,0,0,2.8
2017,10,31,5,0,35.04,82,0,0,2.42
2017,10,31,6,0,34.7,83,0,0,1.92
2017,10,31,7,0,34.61,83,0,0,1.61
2017,10,31,8,0,34.7,82,0,50.11,1.63
2017,10,31,9,0,35.47,81,0,60,1.14
2017,10,31,10,0,38.03,75,0,60,0.81
2017,10,31,11,0,40.89,69,0,60,1.43
2017,10,31,12,0,43.97,65,0,60,1.7
2017,10,31,13,0,46.65,60,0,60,3.54
2017,10,31,14,0,49.93,52,0,60,5.3
2017,10,31,15,0,51.57,49,0,60,4.7
2017,10,31,16,0,52.03,50,0,60,3.7
2017,10,31,17,0,51.98,50,0,60,3.2
2017,10,31,18,0,50.88,54,0,16.81,2.5
2017,10,31,19,0,49.77,56,0,0,2.06
2017,10,31,20,0,48.47,58,0,0,1.3
2017,10,31,21,0,47.26,60,0,0,1.58
2017,10,31,22,0,46.24,62,0,0,2.12
2017,10,31,23,0,44.89,65,0,0,2.47
2017,11,1,0,0,43.68,69,0,0,2.73
2017,11,1,1,0,43.05,71,0,0,3.49
2017,11,1,2,0,42.12,71,0,0,3.72
2017,11,1,3,0,41.16,69,0,0,3.98
2017,11,1,4,0,40.21,69,0,0,4.03
2017,11,1,5,0,39.99,69,0,0,3.54
2017,11,1,6,0,39.94,68,0,0,2.73
2017,11,1,7,0,39.99,67,0,0,3.11
2017,11,1,8,0,40.39,64,0,0,3.11
2017,11,1,9,0,41.38,62,0,23.62,3.3
2017,11,1,10,0,43.79,64,0,49.79,2.5
2017,11,1,11,0,47.46,59,0,58.09,2.98
2017,11,1,12,0,51.49,52,0,59.62,2.5
2017,11,1,13,0,54.79,48,0,57.89,1.34
2017,11,1,14,0,57.83,47,0,58.09,3.59
2017,11,1,15,0,60.37,44,0,58.09,4.03
2017,11,1,16,0,61.88,42,0,57.7,4.7
2017,11,1,17,0,62.2,43,0,57.7,4.48
2017,11,1,18,0,60.78,46,0,14.84,5.37
2017,11,1,19,0,56.48,56,0,0,5.87
2017,11,1,20,0,53.6,60,0,0,5.07
2017,11,1,21,0,52.84,55,0,0,4.76
2017,11,1,22,0,51.94,45,0,0,4.75
2017,11,1,23,0,50.79,38,0,0,4.44
2017,11,2,0,0,50.16,36,0,0,3.85
2017,11,2,1,0,49.42,41,0,0,3.61
2017,11,2,2,0,48.78,46,0,0,3.36
2017,11,2,3,0,49.21,46,0,0,3.41
2017,11,2,4,0,49.62,47,0,0,4.2
2017,11,2,5,0,49.73,51,0,0,4
2017,11,2,6,0,49.62,55,0,0,3.33
2017,11,2,7,0,49.71,57,0,0,3.01
2017,11,2,8,0,49.39,59,0,8.52,3.33
2017,11,2,9,0,50.31,60,0,0,3.81
2017,11,2,10,0,51.66,63,0,17.87,1.61
2017,11,2,11,0,58.15,57,0,17.87,5.85
2017,11,2,12,0,61.61,52,0,47.23,12.34
2017,11,2,13,0,63.82,47,0,47.23,13.67
2017,11,2,14,0,63.7,51,0,37.66,14.54
2017,11,2,15,0,64.22,51,0,0,14.76
2017,11,2,16,0,63.81,50,0,0,15.21
2017,11,2,17,0,62.91,52,0,8.94,13.42
2017,11,2,18,0,61.25,55,0,0,10.07
2017,11,2,19,0,59.61,58,0,0,7.16
2017,11,2,20,0,58.98,60,0,0,5.15
2017,11,2,21,0,58.91,62,0,0,5.1
2017,11,2,22,0,58.44,66,0,0,5.66
2017,11,2,23,0,57.61,70,0,0,5.61
2017,11,3,0,0,57.07,72,0,0,4.78
2017,11,3,1,0,57.29,73,0,0,3.96
2017,11,3,2,0,56.43,74,0,0,2.62
2017,11,3,3,0,55.99,74,0,0,2.47
2017,11,3,4,0,53.74,77,0,0,3.47
2017,11,3,5,0,51.58,77,0,0,3.81
2017,11,3,6,0,50.43,74,0,0,4.05
2017,11,3,7,0,50.74,72,0,0,4.34
2017,11,3,8,0,51.82,71,0,0,3.64
2017,11,3,9,0,52.5,74,0,0,2
2017,11,3,10,0,54.1,74,0,51.7,1.12
2017,11,3,11,0,55.99,77,0,52.98,1.2
2017,11,3,12,0,57.2,75,0,60,2.42
2017,11,3,13,0,58.96,71,0,60,3.54
2017,11,3,14,0,59.4,67,0,60,3.13
2017,11,3,15,0,60.44,65,0,58.47,4.05
2017,11,3,16,0,60.71,63,0,58.09,3.8
2017,11,3,17,0,60.33,63,0,59.43,3.2
2017,11,3,18,0,59.09,65,0,11.64,3.36
2017,11,3,19,0,57.65,68,0,0,3.81
2017,11,3,20,0,55.06,75,0,0,2.01
2017,11,3,21,0,53.33,80,0,0,1.12
2017,11,3,22,0,52.81,82,0,0,1.91
2017,11,3,23,0,52.21,84,0,0,2.06
2017,11,4,0,0,51.35,84,0,0,3.61
2017,11,4,1,0,50.52,83,0,0,4.84
2017,11,4,2,0,49.95,86,0,0,4.93
2017,11,4,3,0,51.01,82,0,0,4.41
2017,11,4,4,0,50.94,81,0,0,5.1
2017,11,4,5,0,51.91,75,0,0,5.73
2017,11,4,6,0,51.82,75,0,0,5.61
2017,11,4,7,0,49.82,78,0,0,6.5
2017,11,4,8,0,50.97,78,0,25.79,6.82
2017,11,4,9,0,51.53,77,0,44.68,6.8
2017,11,4,10,0,53.46,76,0,52.98,5.52
2017,11,4,11,0,57.06,70,0,44.68,3.61
2017,11,4,12,0,61.14,64,0,0,0.71
2017,11,4,13,0,64.71,55,0,0,8.08
2017,11,4,14,0,65.57,53,0,0,8.2
2017,11,4,15,0,66.79,50,0,0,10.76
2017,11,4,16,0,66.7,51,0,3.19,9.48
2017,11,4,17,0,65.53,53,0,0,7.6
2017,11,4,18,0,64.08,57,0,0,6.46
2017,11,4,19,0,62.29,60,0.4,0,4.39
2017,11,4,20,0,61.52,61,0,0,2.03
2017,11,4,21,0,60.04,62,0,0,3.16
2017,11,4,22,0,57.52,70,0,0,3.23
2017,11,4,23,0,57.29,72,0,0,1.92
2017,11,5,0,0,57.34,70,0,0,3.67
2017,11,5,1,0,57.36,68,0.4,0,3.12
2017,11,5,2,0,55.53,76,0.2,0,7.39
2017,11,5,3,0,54.9,78,0.1,0,6.26
2017,11,5,4,0,54.57,77,0.5,0,9.39
2017,11,5,5,0,54.39,74,1.1,0,10.5
2017,11,5,6,0,53.6,78,1.5,0,9.83
2017,11,5,7,0,52.92,83,0.8,0,9.13
2017,11,5,8,0,52.54,88,1.4,0,11.42
2017,11,5,9,0,50.13,93,2.4,0,21.95
2017,11,5,10,0,47.19,93,1.7,0,12.84
2017,11,5,11,0,46.83,93,1.5,0,8.14
2017,11,5,12,0,46.24,89,1.1,0,8.28
2017,11,5,13,0,47.35,83,0.7,0,8.55
2017,11,5,14,0,47.62,81,0.5,0,13.35
2017,11,5,15,0,48.06,72,0.3,0,13.52
2017,11,5,16,0,47.77,71,0,0,10.92
2017,11,5,17,0,47.53,70,0,0,9.61
2017,11,5,18,0,47.3,72,0,0,8.49
2017,11,5,19,0,46.27,75,0,0,9.34
2017,11,5,20,0,45.37,78,0.1,0,9.61
2017,11,5,21,0,44.6,82,0.2,0,8.91
2017,11,5,22,0,44.46,82,0.2,0,8.25
2017,11,5,23,0,44.01,87,0.2,0,8.81
2017,11,6,0,0,43.14,81,0.2,0,10.91
2017,11,6,1,0,42.57,80,0,0,11.26
2017,11,6,2,0,41.83,82,0,0,11.13
2017,11,6,3,0,40.73,85,0,0,9.77
2017,11,6,4,0,40.14,84,0,0,10.72
2017,11,6,5,0,38.35,87,0,0,9.81
2017,11,6,6,0,37.17,89,0,0,9.52
2017,11,6,7,0,36.55,90,0,0,9.06
2017,11,6,8,0,35.96,91,0,25.35,10.12
2017,11,6,9,0,36.3,91,0,0,11.32
2017,11,6,10,0,37.85,87,0,0,12.5
2017,11,6,11,0,39.81,82,0,14.04,13.1
2017,11,6,12,0,41.76,78,0,0,13.51
2017,11,6,13,0,43.41,76,0,0,14.11
2017,11,6,14,0,47.07,65,0,5.11,12.81
2017,11,6,15,0,48.94,62,0,0,14.01
2017,11,6,16,0,49.21,62,0,0,13.8
2017,11,6,17,0,49.19,58,0,0,12.91
2017,11,6,18,0,47.71,62,0,2.55,9.98
2017,11,6,19,0,44.69,72,0,0,7.6
2017,11,6,20,0,43.41,75,0,0,5.92
2017,11,6,21,0,42.39,77,0,0,5.1
2017,11,6,22,0,42.55,76,0,0,5.03
2017,11,6,23,0,42.26,76,0,0,5.22
2017,11,7,0,0,40.91,80,0,0,5.14
2017,11,7,1,0,39,86,0,0,5.22
2017,11,7,2,0,36.93,91,0,0,4.7
2017,11,7,3,0,35.71,94,0,0,4.76
2017,11,7,4,0,35.24,94,0,0,4.32
2017,11,7,5,0,34.79,94,0,0,3.91
2017,11,7,6,0,34.56,94,0,0,4.5
2017,11,7,7,0,34.45,94,0,0,5.3
2017,11,7,8,0,34.7,94,0,0,5.83
2017,11,7,9,0,34.66,94,0,0,6.33
2017,11,7,10,0,35.01,93,0,0,6.04
2017,11,7,11,0,36.64,89,0,0,6.49
2017,11,7,12,0,39.58,82,0,0,7.39
2017,11,7,13,0,42.98,75,0,0,8.75
2017,11,7,14,0,45.43,71,0,0,10.31
2017,11,7,15,0,46.27,70,0,0,9.93
2017,11,7,16,0,46.67,71,0,0,9.27
2017,11,7,17,0,46.38,73,0,0,9.13
2017,11,7,18,0,45.75,77,0,0,8.31
2017,11,7,19,0,45.32,80,0,0,7.83
2017,11,7,20,0,44.85,83,0,0,7.28
2017,11,7,21,0,44.28,87,0.1,0,7.41
2017,11,7,22,0,44.06,86,0.1,0,7.38
2017,11,7,23,0,44.02,84,0.3,0,7.39
2017,11,8,0,0,43.75,84,0.4,0,6.95
2017,11,8,1,0,43.79,83,0.4,0,7.23
2017,11,8,2,0,43.5,80,0.5,0,7.41
2017,11,8,3,0,43.45,82,1.1,0,7
2017,11,8,4,0,43.43,86,1.3,0,8.28
2017,11,8,5,0,43.34,87,1.3,0,8.64
2017,11,8,6,0,43.27,88,1.4,0,8.35
2017,11,8,7,0,42.93,87,1.6,0,8.21
2017,11,8,8,0,42.51,87,1.6,0,7.61
2017,11,8,9,0,42.31,88,1.3,0,8.31
2017,11,8,10,0,42.91,86,0.9,0,9.01
2017,11,8,11,0,43.07,83,0.7,0,10.96
2017,11,8,12,0,43.45,79,0.4,0,11
2017,11,8,13,0,45.14,76,0.2,0,9.66
2017,11,8,14,0,47.62,65,0,0,7.4
2017,11,8,15,0,48.11,64,0,0,8.1
2017,11,8,16,0,47.35,67,0,0,8.55
2017,11,8,17,0,46.67,68,0,0,8.07
2017,11,8,18,0,45.86,69,0,0,6.55
2017,11,8,19,0,45.12,72,0,0,6.3
2017,11,8,20,0,44.28,74,0,0,6.49
2017,11,8,21,0,43.48,79,0,0,6.49
2017,11,8,22,0,43.05,82,0.1,0,5.6
2017,11,8,23,0,42.91,84,0.1,0,4.93
2017,11,9,0,0,42.78,86,0.1,0,4.3
2017,11,9,1,0,42.84,86,0.1,0,4.08
2017,11,9,2,0,42.76,87,0,0,3.86
2017,11,9,3,0,42.78,87,0,0,3.61
2017,11,9,4,0,42.8,87,0,0,2.92
2017,11,9,5,0,42.84,87,0,0,2.12
2017,11,9,6,0,42.82,89,0,0,2.38
2017,11,9,7,0,42.71,90,0.1,0,2.55
2017,11,9,8,0,42.66,91,0.1,0,3.16
2017,11,9,9,0,42.75,92,0.1,0,4.72
2017,11,9,10,0,43.3,90,0.1,0,5.97
2017,11,9,11,0,44.73,80,0,0,5.44
2017,11,9,12,0,45.95,75,0,0,5.53
2017,11,9,13,0,46.94,71,0,0,6.2
2017,11,9,14,0,46.06,71,0,0,2.55
2017,11,9,15,0,47.14,69,0,60,2.28
2017,11,9,16,0,47.73,68,0,59.36,2.28
2017,11,9,17,0,47.71,68,0,60,2.2
2017,11,9,18,0,46.9,70,0,3.59,1.61
2017,11,9,19,0,46.47,70,0,0,1.43
2017,11,9,20,0,45.68,72,0,0,1.7
2017,11,9,21,0,44.71,75,0,0,1.8
2017,11,9,22,0,44.17,76,0,0,2
2017,11,9,23,0,43.92,76,0,0,2.2
2017,11,10,0,0,44.17,75,0,0,1.92
2017,11,10,1,0,44.55,74,0,0,3.12
2017,11,10,2,0,43.57,78,0,0,4.41
2017,11,10,3,0,42.89,77,0,0,6.06
2017,11,10,4,0,41.99,81,0,0,6.11
2017,11,10,5,0,40.84,83,0,0,4.95
2017,11,10,6,0,40.26,85,0,0,4.2
2017,11,10,7,0,40.17,85,0,0,4.11
2017,11,10,8,0,40.12,83,0,0,4.41
2017,11,10,9,0,40.5,82,0,0,5.24
2017,11,10,10,0,41.86,75,0,0,7.52
2017,11,10,11,0,44.2,66,0,0,8.38
2017,11,10,12,0,46.15,63,0,0,9.24
2017,11,10,13,0,47.32,61,0,0,8.64
2017,11,10,14,0,48.4,60,0,0,7.66
2017,11,10,15,0,49.03,64,0,0,9.64
2017,11,10,16,0,48.85,68,0.2,0,12.91
2017,11,10,17,0,49.14,69,0.1,0,14.24
2017,11,10,18,0,48.4,72,0.1,0,12.37
2017,11,10,19,0,47.77,72,0.1,0,10.91
2017,11,10,20,0,47.7,70,0,0,11.31
2017,11,10,21,0,48.18,72,0.1,0,12.64
2017,11,10,22,0,47.93,78,0,0,14.58
2017,11,10,23,0,47.55,82,0,0,15.23
2017,11,11,0,0,46.47,87,0,0,13.65
2017,11,11,1,0,46.26,86,0,0,13.2
2017,11,11,2,0,45.93,88,0,0,11.23
2017,11,11,3,0,45.21,92,0.4,0,9.33
2017,11,11,4,0,44.53,84,0.4,0,6.41
2017,11,11,5,0,44.17,80,0,0,5.6
2017,11,11,6,0,44.17,84,0,0,6.97
2017,11,11,7,0,43.47,83,0,0,9.02
2017,11,11,8,0,42.82,82,0,0,9.56
2017,11,11,9,0,42.91,80,0,0,8.36
2017,11,11,10,0,44.02,76,0,0,9.2
2017,11,11,11,0,45.25,70,0,0,12.25
2017,11,11,12,0,46.02,64,0,0,12.13
2017,11,11,13,0,46.22,68,0.1,0,12.98
2017,11,11,14,0,50.76,67,0.2,0,21.18
2017,11,11,15,0,51.3,69,0.3,0,21.81
2017,11,11,16,0,51.75,70,0.4,0,21.74
2017,11,11,17,0,51.89,72,0.3,0,21.81
2017,11,11,18,0,51.51,74,0.3,0,21.62
2017,11,11,19,0,51.62,75,0.4,0,21.31
2017,11,11,20,0,52.05,76,0.5,0,21.31
2017,11,11,21,0,52.16,78,0.7,0,20.86
2017,11,11,22,0,52.41,80,0.8,0,19.74
2017,11,11,23,0,52.61,82,1.1,0,18.07
2017,11,12,0,0,52.57,85,1.4,0,17.85
2017,11,12,1,0,52.93,85,1.5,0,17.85
2017,11,12,2,0,53.13,84,1.7,0,18.72
2017,11,12,3,0,52.86,86,1.4,0,17.25
2017,11,12,4,0,52.45,86,1.7,0,17.62
2017,11,12,5,0,51.8,86,2.4,0,18.63
2017,11,12,6,0,51.19,86,2.1,0,18.92
2017,11,12,7,0,50.22,84,1.7,0,19.24
2017,11,12,8,0,49.68,84,1.3,0,17.91
2017,11,12,9,0,49.6,83,1.2,0,16.5
2017,11,12,10,0,49.96,84,1.4,0,16.93
2017,11,12,11,0,50.68,83,1.5,0,16.48
2017,11,12,12,0,52.38,79,1,0,20.01
2017,11,12,13,0,52.59,73,0.4,0,23.01
2017,11,12,14,0,55.51,68,0.7,0,30.19
2017,11,12,15,0,54.18,74,0.1,0,30.66
2017,11,12,16,0,50.97,82,1.9,0,27.85
2017,11,12,17,0,47.46,73,1.7,0,19.42
2017,11,12,18,0,45.03,74,0,0,18.26
2017,11,12,19,0,42.58,77,0,0,16.27
2017,11,12,20,0,41.79,76,0,0,16.88
2017,11,12,21,0,41.27,74,0,0,12.35
2017,11,12,22,0,40.8,76,0,0,13.65
2017,11,12,23,0,40.17,75,0,0,16.27
2017,11,13,0,0,38.68,79,0.3,0,16.01
2017,11,13,1,0,37.96,83,0.8,0,15.21
2017,11,13,2,0,37.09,85,0.2,0,14.64
2017,11,13,3,0,37.4,83,0,0,14.01
2017,11,13,4,0,37.78,82,0.1,0,12.25
2017,11,13,5,0,38.44,82,0.1,0,11.18
2017,11,13,6,0,38.97,82,0.1,0,14.11
2017,11,13,7,0,39.45,81,0.1,0,14.51
2017,11,13,8,0,39.18,80,0,0,13.41
2017,11,13,9,0,38.86,82,0,0,11.67
2017,11,13,10,0,39.79,81,0.1,0,12.61
2017,11,13,11,0,40.84,79,0.2,0,12.92
2017,11,13,12,0,41.65,78,0.1,0,14.79
2017,11,13,13,0,42.44,73,0.2,51.06,16.01
2017,11,13,14,0,43.36,78,0.1,0,14.15
2017,11,13,15,0,43.39,74,0,26.17,14.22
2017,11,13,16,0,43.97,70,0,45.96,14.16
2017,11,13,17,0,43.92,69,0,53.62,13.23
2017,11,13,18,0,42.66,73,0,0,9.24
2017,11,13,19,0,41.43,78,0,0,7.81
2017,11,13,20,0,40.39,81,0,0,7.38
2017,11,13,21,0,39.2,85,0,0,7.5
2017,11,13,22,0,38.16,87,0,0,6.62
2017,11,13,23,0,37.26,89,0,0,5.81
2017,11,14,0,0,36.32,92,0,0,4.89
2017,11,14,1,0,35.38,94,0,0,3.7
2017,11,14,2,0,34.59,96,0,0,2.42
2017,11,14,3,0,34.12,97,0,0,0.22
2017,11,14,4,0,34.14,95,0,0,1.43
2017,11,14,5,0,33.71,95,0,0,1.7
2017,11,14,6,0,33.89,95,0,0,2.25
2017,11,14,7,0,33.84,95,0,0,2.91
2017,11,14,8,0,33.67,93,0,0,2.46
2017,11,14,9,0,33.49,90,0,0,2.68
2017,11,14,10,0,34.39,86,0,0,2.98
2017,11,14,11,0,36.37,81,0,57.45,1.3
2017,11,14,12,0,38.77,77,0,60,1.61
2017,11,14,13,0,40.75,71,0,60,3.13
2017,11,14,14,0,43.81,66,0,52.98,6.28
2017,11,14,15,0,44.62,68,0,59.36,6.33
2017,11,14,16,0,45.7,66,0,60,5.82
2017,11,14,17,0,46.15,62,0,60,5.59
2017,11,14,18,0,43.52,71,0,57.28,5.39
2017,11,14,19,0,40.3,83,0,0,4.3
2017,11,14,20,0,38.39,82,0,0,5
2017,11,14,21,0,36.61,80,0,0,3.58
2017,11,14,22,0,35.73,80,0,0,3.14
2017,11,14,23,0,35.1,78,0,0,4.26
2017,11,15,0,0,34.74,76,0,0,4.48
2017,11,15,1,0,34.48,75,0,0,4.5
2017,11,15,2,0,33.98,76,0,0,4.5
2017,11,15,3,0,33.93,77,0,0,3.59
2017,11,15,4,0,33.51,79,0,0,1.12
2017,11,15,5,0,33.26,80,0,0,1.2
2017,11,15,6,0,33.08,81,0,0,2
2017,11,15,7,0,33.31,78,0,0,2.61
2017,11,15,8,0,33.33,77,0,0,2.24
2017,11,15,9,0,33.13,77,0,27.61,2.24
2017,11,15,10,0,34.66,75,0,60,0.67
2017,11,15,11,0,36.82,71,0,60,0.71
2017,11,15,12,0,39.54,69,0,59.62,2.68
2017,11,15,13,0,42.82,66,0,57.51,2.83
2017,11,15,14,0,44.47,63,0,58.47,5.11
2017,11,15,15,0,47.44,59,0,58.66,4.52
2017,11,15,16,0,49.6,56,0,59.04,3.82
2017,11,15,17,0,50.07,56,0,59.43,4.53
2017,11,15,18,0,47.26,61,0,54.15,5.11
2017,11,15,19,0,42.15,77,0,0,3.64
2017,11,15,20,0,39.38,86,0,0,3.59
2017,11,15,21,0,38.08,88,0,0,2.5
2017,11,15,22,0,38.01,82,0,0,1.8
2017,11,15,23,0,37.53,75,0,0,2.06
2017,11,16,0,0,36.32,74,0,0,2.69
2017,11,16,1,0,35.28,77,0,0,2.61
2017,11,16,2,0,34.68,78,0,0,2.5
2017,11,16,3,0,34.45,78,0,0,3.11
2017,11,16,4,0,34.11,78,0,0,3.01
2017,11,16,5,0,33.66,78,0,0,3.36
2017,11,16,6,0,33.08,79,0,0,2.11
2017,11,16,7,0,32.86,80,0,0,2.55
2017,11,16,8,0,32.92,81,0,0,2.2
2017,11,16,9,0,32.97,81,0,24.47,2.91
2017,11,16,10,0,35.17,75,0,43.53,4.41
2017,11,16,11,0,37.45,70,0,60,5.11
2017,11,16,12,0,40.06,66,0,59.43,3.81
2017,11,16,13,0,42.48,62,0,58.85,2.77
2017,11,16,14,0,41.38,52,0,35.74,1.84
2017,11,16,15,0,42.84,50,0,0,2.5
2017,11,16,16,0,43.63,47,0,31.91,3.11
2017,11,16,17,0,43.45,50,0,40.85,2.8
2017,11,16,18,0,42.73,52,0,0,2.7
2017,11,16,19,0,41.99,54,0,0,2.11
2017,11,16,20,0,41.31,56,0,0,1.12
2017,11,16,21,0,40.48,57,0,0,1.34
2017,11,16,22,0,39.97,58,0,0,1.7
2017,11,16,23,0,39.49,58,0,0,2.03
2017,11,17,0,0,38.7,58,0,0,2.01
2017,11,17,1,0,38.25,58,0,0,2.06
2017,11,17,2,0,37.89,57,0,0,2.34
2017,11,17,3,0,37.92,55,0,0,2.62
2017,11,17,4,0,37.89,53,0,0,2.5
2017,11,17,5,0,37.81,53,0,0,2.53
2017,11,17,6,0,37.85,53,0,0,2.38
2017,11,17,7,0,37.29,54,0,0,2
2017,11,17,8,0,36.36,58,0,0,1.8
2017,11,17,9,0,35.37,62,0,24.66,1.61
2017,11,17,10,0,36.25,62,0,60,0.81
2017,11,17,11,0,39.52,63,0,60,0.71
2017,11,17,12,0,42.64,60,0,60,0.67
2017,11,17,13,0,45.07,59,0,60,3.12
2017,11,17,14,0,43.59,52,0,60,3.11
2017,11,17,15,0,45.25,52,0,60,3.04
2017,11,17,16,0,46.22,54,0,37.02,2.85
2017,11,17,17,0,46.4,57,0,31.91,2.3
2017,11,17,18,0,45.63,60,0,28.66,2.24
2017,11,17,19,0,45.34,62,0,0,2.41
2017,11,17,20,0,44.49,68,0,0,1.36
2017,11,17,21,0,43.32,73,0,0,1.36
2017,11,17,22,0,42.3,78,0,0,1.61
2017,11,17,23,0,42.01,81,0,0,1.75
2017,11,18,0,0,41.86,81,0,0,0.92
2017,11,18,1,0,41.81,81,0,0,0.89
2017,11,18,2,0,41.56,83,0,0,0.22
2017,11,18,3,0,40.96,81,0,0,0.95
2017,11,18,4,0,40.91,80,0,0,0.81
2017,11,18,5,0,40.39,83,0,0,1.3
2017,11,18,6,0,40.24,84,0,0,0.92
2017,11,18,7,0,40.28,86,0,0,0
2017,11,18,8,0,40.55,86,0,0,0.89
2017,11,18,9,0,40.78,86,0,3.21,0.45
2017,11,18,10,0,41.68,84,0,15.32,0.92
2017,11,18,11,0,43.5,78,0,53.62,1.27
2017,11,18,12,0,45.19,72,0,7.66,2.98
2017,11,18,13,0,46.45,69,0,0,5.16
2017,11,18,14,0,44.24,72,0,0,4.91
2017,11,18,15,0,45.01,70,0,0,7.71
2017,11,18,16,0,44.76,69,0,0,9.97
2017,11,18,17,0,43.45,71,0,0,11.81
2017,11,18,18,0,40.73,73,0,0,10.98
2017,11,18,19,0,38.97,77,0,0,9.18
2017,11,18,20,0,38.14,79,0,0,8.96
2017,11,18,21,0,35.71,86,0.1,0,9.56
2017,11,18,22,0,36.19,79,0.1,0,9.35
2017,11,18,23,0,36.68,78,0,0,9.13
2017,11,19,0,0,37.65,80,0,0,8.3
2017,11,19,1,0,38.48,79,0,0,7.57
2017,11,19,2,0,39.06,77,0,0,7.72
2017,11,19,3,0,39.33,77,0.5,0,8.64
2017,11,19,4,0,39.18,79,1,0,8.79
2017,11,19,5,0,40.06,73,0.9,0,8.69
2017,11,19,6,0,40.37,77,0.8,0,13.46
2017,11,19,7,0,41.45,78,1,0,16.21
2017,11,19,8,0,41.81,80,1.2,0,17.68
2017,11,19,9,0,41.36,84,0.8,0,19.24
2017,11,19,10,0,42.39,81,0,0,19.47
2017,11,19,11,0,43.54,79,0,0,19.37
2017,11,19,12,0,44.24,77,0,0,18.35
2017,11,19,13,0,44.98,75,0,0,16.94
2017,11,19,14,0,43.02,77,0,0,15.57
2017,11,19,15,0,43.11,77,0,0,14.9
2017,11,19,16,0,41.99,81,0,0,13.73
2017,11,19,17,0,41.36,86,0,0,12.3
2017,11,19,18,0,40.77,82,0,0,12.08
2017,11,19,19,0,39.94,84,0,0,11.46
2017,11,19,20,0,38.59,89,0,0,9.87
2017,11,19,21,0,37.27,94,0,0,8.32
2017,11,19,22,0,36.3,97,0,0,6.62
2017,11,19,23,0,35.8,96,0,0,5.63
2017,11,20,0,0,35.46,95,0,0,6.49
2017,11,20,1,0,35.74,90,0,0,8.41
2017,11,20,2,0,34.88,89,0,0,7.02
2017,11,20,3,0,34.88,91,0,0,5.65
2017,11,20,4,0,34.3,91,0,0,6.33
2017,11,20,5,0,32.13,86,0,0,6.76
2017,11,20,6,0,31.33,80,0,0,5.32
2017,11,20,7,0,31.93,76,0,0,3.91
2017,11,20,8,0,31.98,73,0,0,3.39
2017,11,20,9,0,32.25,72,0,20.32,2.94
2017,11,20,10,0,34.3,76,0,60,3.98
2017,11,20,11,0,38.3,76,0,0,2.28
2017,11,20,12,0,43.3,64,0,17.23,4.61
2017,11,20,13,0,46.47,58,0,0,8.73
2017,11,20,14,0,46.89,60,0,0,9.64
2017,11,20,15,0,47.5,58,0,0,10.52
2017,11,20,16,0,47.93,57,0,0,10.74
2017,11,20,17,0,47.86,54,0,0,9.85
2017,11,20,18,0,46.47,55,0,0,8.69
2017,11,20,19,0,45.05,58,0,0,8.42
2017,11,20,20,0,45.12,53,0,0,8.36
2017,11,20,21,0,45.82,47,0,0,8.42
2017,11,20,22,0,46.35,55,0,0,8.36
2017,11,20,23,0,46.89,63,0,0,8.36
2017,11,21,0,0,47.46,67,0,0,7.62
